,Date,Ticker,Start,End,TV,Zacks
0,2024-3-4,SE,44.89,57.67,0.42,4.0
1,2024-3-4,NXE,6.75,7.4487,0.62,3.0
2,2024-3-4,EOSE,0.97,1.04,0.08,2.0
3,2024-3-4,PASG,1.31,1.42,0.42,2.0
4,2024-3-4,AVDL,13.25,16.03,0.35,3.0
5,2024-3-4,PAY,15.289999961853027,19.3,0.38,3.0
6,2024-3-4,SEMR,12.62,11.28,-0.12,2.0
7,2024-3-4,CRGY,10.979999542236328,10.85,-0.54,3.0
8,2024-3-4,EKSO,1.89,1.5,-0.38,2.0
9,2024-3-4,CUTR,2.47,2.04,-0.58,3.0
10,2024-3-4,TIL,11.4,11.6,-0.12,2.0
11,2024-3-4,GSL,20.0,19.85,-0.31,3.0
12,2024-3-4,CARA,0.97,0.979,0.35,3.0
13,2024-3-4,AVAV,123.2,164.0,0.35,3.0
14,2024-3-4,SFIX,3.2482,2.55,-0.38,3.0
15,2024-3-4,SCM,13.07,12.95,-0.04,3.0
16,2024-3-4,DSP,8.19,10.13,0.62,3.0
17,2024-3-4,RBOT,0.4,0.3629,-0.46,3.0
18,2024-3-4,TDUP,1.86,1.86,-0.5,3.0
19,2024-3-4,SOHU,9.130000114440918,9.05,0.04,3.0
20,2024-3-4,GTLB,70.7,57.6,-0.42,3.0
21,2024-3-5,AEVA,1.0097,1.27,0.62,3.0
22,2024-3-5,LXU,7.36,7.49,-0.23,3.0
23,2024-3-5,MASS,7.14,6.85,-0.54,3.0
24,2024-3-5,BWEN,2.56,2.311,-0.38,3.0
25,2024-3-5,AGS,8.98,8.96,0.58,3.0
26,2024-3-5,CHPT,1.96,1.94,-0.58,4.0
27,2024-3-5,JWN,20.47,17.51,-0.62,3.0
28,2024-3-5,SBSW,4.21,4.55,0.15,3.0
29,2024-3-5,BOX,26.0,29.84,0.5,3.0
30,2024-3-5,AQST,2.87,5.0,0.62,3.0
31,2024-3-5,RIGL,1.42,1.53,0.54,3.0
32,2024-3-5,MRNS,9.74,8.9,-0.35,3.0
33,2024-3-5,CRWD,322.69,319.0,0.46,1.0
34,2024-3-5,TCRT,2.2505,1.85,-0.58,3.0
35,2024-3-5,NVEI,23.5,23.25,-0.19,3.0
36,2024-3-5,RSKD,4.74,5.19,0.42,2.0
37,2024-3-5,TGT,150.14,168.1,0.35,2.0
38,2024-3-5,CRCT,4.65,4.9,-0.15,3.0
39,2024-3-5,PPBT,0.7086,0.7103,0.31,3.0
40,2024-3-5,ALNT,29.0,32.01,0.35,3.0
41,2024-3-5,ODD,40.5,45.5,0.46,2.0
42,2024-3-5,TSVT,5.5,4.61,-0.08,3.0
43,2024-3-5,CIFR,3.56,3.31,0.42,3.0
44,2024-3-5,CGEN,2.48,2.78,0.46,2.0
45,2024-3-5,CECO,22.0,22.5,0.12,3.0
46,2024-3-5,FERG,209.49,201.56,0.12,3.0
47,2024-3-5,CERS,2.27,2.19,0.46,3.0
48,2024-3-5,HCP,25.01,25.78,0.54,2.0
49,2024-3-5,NIO,5.78,6.13,-0.19,2.0
50,2024-3-5,SMRT,2.96,2.71,0.0,4.0
51,2024-3-5,FWRG,24.84,24.0265,0.5,3.0
52,2024-3-5,AS,16.2,16.01,-0.64,3.0
53,2024-3-5,LU,2.85,2.7,-0.54,5.0
54,2024-3-5,FNV,111.25,114.0,0.19,3.0
55,2024-3-5,PRSO,1.58,2.01,-0.31,3.0
56,2024-3-5,GRTS,2.48,2.52,0.65,3.0
57,2024-3-5,STIM,3.3499999046325684,4.31,0.5,3.0
58,2024-3-5,MCRB,1.07,0.87,-0.62,3.0
59,2024-3-5,BASE,28.5,27.0,0.5,3.0
60,2024-3-5,ROST,147.84,146.5,0.04,3.0
61,2024-3-5,SEAT,5.93,5.77,-0.38,4.0
62,2024-3-5,YORW,35.0,35.98,-0.58,3.0
63,2024-3-5,TCON,0.1791,0.3078,0.54,3.0
64,2024-3-6,AEYE,6.86,8.2,0.46,3.0
65,2024-3-6,VSCO,29.77,18.6508,-0.62,3.0
66,2024-3-6,ELEV,3.8,4.07,0.42,4.0
67,2024-3-6,VET,11.07,11.24,0.23,4.0
68,2024-3-6,ANF,125.0,120.98,0.31,2.0
69,2024-3-6,PCT,5.56,5.07,-0.04,4.0
70,2024-3-6,NEXN,5.38,4.89,0.46,3.0
71,2024-3-6,KGS,25.45,25.59,0.08,3.0
72,2024-3-6,CYN,0.1948,0.1689,-0.54,3.0
73,2024-3-6,IPI,20.01,20.0,0.5,3.0
74,2024-3-6,CURLF,4.980000019073486,3.8299999237060547,-0.42,2.0
75,2024-3-6,RSI,5.33,6.0,0.58,3.0
76,2024-3-6,GPRK,8.489999771118164,9.2,0.5,3.0
77,2024-3-6,XERS,3.12,2.21,-0.35,2.0
78,2024-3-6,NVTAQ,0.010200000368058681,0.0165,-0.35,3.0
79,2024-3-6,FL,34.66,24.23,-0.58,3.0
80,2024-3-6,KFY,60.459999084472656,64.92,0.46,2.0
81,2024-3-6,HPK,17.19,14.97,-0.62,5.0
82,2024-3-6,EARN,5.99,6.32,0.46,3.0
83,2024-3-6,REVG,19.600000381469727,18.62,0.27,3.0
84,2024-3-6,CMAX,7.04,6.86,0.08,4.0
85,2024-3-6,EHAB,9.470000267028809,10.79,0.15,3.0
86,2024-3-6,YEXT,6.1,5.79,0.54,3.0
87,2024-3-6,REPX,23.5,27.56,0.46,3.0
88,2024-3-6,EBS,3.23,2.33,0.15,3.0
89,2024-3-6,BRY,7.07,7.41,0.23,4.0
90,2024-3-6,WVE,5.3,6.52,0.62,3.0
91,2024-3-6,YSG,0.5,0.551,-0.62,3.0
92,2024-3-6,UNFI,15.87,11.94,-0.5,3.0
93,2024-3-6,VBNK,11.74,10.44,-0.31,3.0
94,2024-3-6,YPF,17.26,17.64,0.42,3.0
95,2024-3-6,LOMA,6.75,6.68,-0.42,5.0
96,2024-3-6,WSR,12.26,12.25,-0.31,3.0
97,2024-3-6,NEWT,11.49,11.46,-0.04,3.0
98,2024-3-6,AMPY,6.119999885559082,5.9486,0.54,5.0
99,2024-3-6,INFN,5.23,4.61,-0.35,3.0
100,2024-3-6,DSGX,86.334236,94.230125,0.69,3.0
101,2024-3-6,CPB,42.44,42.9,-0.58,3.0
102,2024-3-6,RAIL,2.97,3.16,0.5,3.0
103,2024-3-6,GBIO,2.4,3.03,0.38,3.0
104,2024-3-6,NGMS,28.368000030517578,28.79,0.58,3.0
105,2024-3-6,TCRX,6.77,6.75,0.54,3.0
106,2024-3-6,MRMD,0.2759999930858612,0.2040500044822693,-0.58,3.0
107,2024-3-6,TPVG,11.16,9.88,-0.65,3.0
108,2024-3-6,BRCC,4.12,4.75,0.58,3.0
109,2024-3-6,EVGO,2.69,2.69,0.12,1.0
110,2024-3-6,JD,23.55,27.5,0.08,3.0
111,2024-3-6,NVCT,9.77,9.95,0.31,3.0
112,2024-3-6,SID,3.39,3.29,-0.46,3.0
113,2024-3-6,NSPR,2.63,2.4,-0.35,3.0
114,2024-3-6,THO,127.1,102.6,-0.46,4.0
115,2024-3-6,KIDS,28.020000457763672,26.85,0.15,3.0
116,2024-3-6,GENI,6.92,5.81,-0.38,3.0
117,2024-3-6,URG,1.63,1.52,0.27,2.0
118,2024-3-6,OSPN,9.8,10.17,0.62,1.0
119,2024-3-6,SOHO,1.38,1.39,0.35,3.0
120,2024-3-6,PHI,22.97,25.55,0.15,4.0
121,2024-3-6,HNST,3.58,4.51,0.69,2.0
122,2024-3-6,OTCM,57.16999816894531,56.08000183105469,0.12,3.0
123,2024-3-6,HDSN,14.89,11.304,-0.65,3.0
124,2024-3-6,BWAY,6.25,6.1,-0.35,3.0
125,2024-3-6,AIRG,3.809999942779541,4.7,0.62,4.0
126,2024-3-6,SGHC,3.22,3.2,0.62,3.0
127,2024-3-6,KLXE,8.51,7.1,-0.58,5.0
128,2024-3-6,ADAP,1.69,1.535,0.62,3.0
129,2024-3-7,PRCH,2.92,4.09,0.54,3.0
130,2024-3-7,AFCG,11.31,12.44,0.31,3.0
131,2024-3-7,DOMO,11.16,9.76,0.23,3.0
132,2024-3-7,REI,1.4,1.71,0.35,4.0
133,2024-3-7,ABM,41.69,42.44,0.65,3.0
134,2024-3-7,GWRE,121.0,114.83,0.12,3.0
135,2024-3-7,HROW,10.4667,10.6,0.31,3.0
136,2024-3-7,MDB,429.0,374.56,-0.12,3.0
137,2024-3-7,BBAI,3.08,2.84,0.46,3.0
138,2024-3-7,DLAKY,7.78000020980835,7.519999980926514,-0.5,2.0
139,2024-3-7,IMMR,6.72,8.2,-0.46,2.0
140,2024-3-7,MYO,2.93,3.64,0.38,3.0
141,2024-3-7,FCEL,1.22,1.04,-0.65,3.0
142,2024-3-7,BIG,5.3018,3.99,0.12,4.0
143,2024-3-7,RTO,28.0,31.02,0.62,3.0
144,2024-3-7,GPS,19.15,23.0,-0.27,1.0
145,2024-3-7,CLAR,5.7,6.62,-0.62,3.0
146,2024-3-7,BJ,73.02,74.49,0.65,3.0
147,2024-3-7,TTC,93.69,87.95,-0.65,3.0
148,2024-3-7,ELUT,3.2100000381469727,2.99,0.27,3.0
149,2024-3-7,NINE,2.12,2.19,-0.65,3.0
150,2024-3-7,LCTX,1.13,1.26,0.31,4.0
151,2024-3-7,MKFG,0.65,0.739,0.04,3.0
152,2024-3-7,ERO,16.03,18.54,0.42,3.0
153,2024-3-7,COST,749.0,734.92,0.62,2.0
154,2024-3-7,ARHS,13.2,16.0,0.65,3.0
155,2024-3-7,DOCU,52.94,59.5,0.31,1.0
156,2024-3-7,ASLE,8.61,7.06,0.08,3.0
157,2024-3-7,RWAY,13.42,11.83,0.5,4.0
158,2024-3-7,FSM,2.6694,3.44,0.5,3.0
159,2024-3-7,DBVT,0.8037,0.831,-0.54,3.0
160,2024-3-7,JYNT,9.86,11.84,-0.46,3.0
161,2024-3-7,IOT,33.49,38.51,0.46,3.0
162,2024-3-7,SVV,21.2,19.17,0.58,2.0
163,2024-3-7,FNKO,7.2,6.37,-0.35,3.0
164,2024-3-7,ALIM,3.4000000953674316,3.9,0.5,3.0
165,2024-3-7,GWRS,12.93,12.34,-0.35,3.0
166,2024-3-7,VITL,17.38,21.0,0.58,2.0
167,2024-3-7,TOI,1.87,1.81,-0.27,2.0
168,2024-3-7,BITF,3.37,2.4,-0.23,4.0
169,2024-3-7,ASMB,12.86,12.5,0.54,3.0
170,2024-3-7,CIEN,56.86,51.63,-0.23,4.0
171,2024-3-7,PROF,8.97,8.283233,0.38,2.0
172,2024-3-7,KR,48.5,56.0801,0.65,3.0
173,2024-3-7,ARCT,40.18,37.9,0.12,3.0
174,2024-3-7,MGNX,17.02,16.9,0.35,3.0
175,2024-3-7,ASPS,2.9200000762939453,2.71,-0.15,3.0
176,2024-3-7,BILI,9.97,12.52,0.12,4.0
177,2024-3-7,PRTS,2.533,1.77,-0.35,3.0
178,2024-3-7,EYPT,27.27,22.1,0.0,2.0
179,2024-3-7,BURL,205.4,220.99,0.62,3.0
180,2024-3-7,AVGO,1289.0,1257.41,0.54,4.0
181,2024-3-7,GEVO,0.8928,0.6951,-0.42,4.0
182,2024-3-7,EVGN,0.9298,0.8091,0.54,3.0
183,2024-3-7,ONCT,9.46,9.5,-0.15,3.0
184,2024-3-7,EOLS,14.6,14.0,0.54,4.0
185,2024-3-7,PMTS,19.35,17.84,-0.65,3.0
186,2024-3-7,AQB,2.37,2.04,-0.62,3.0
187,2024-3-7,ARBE,2.2085,1.76,-0.65,3.0
188,2024-3-7,FHTX,8.0,6.55,0.35,3.0
189,2024-3-7,SWBI,13.41,17.5,0.35,3.0
190,2024-3-7,OPFI,3.43,2.64,0.54,3.0
191,2024-3-7,PSTX,3.72,3.3,-0.15,3.0
192,2024-3-7,PBR,16.7,14.84,-0.04,3.0
193,2024-3-7,AEO,23.5,23.25,0.12,1.0
194,2024-3-7,CMMB,0.651,0.8399,0.54,3.0
195,2024-3-7,III,4.19,4.0,0.08,3.0
196,2024-3-7,SSYS,12.43,12.1,-0.19,3.0
197,2024-3-7,MRVL,67.56,67.97,0.54,2.0
198,2024-3-7,AMTX,3.5,3.24,-0.42,3.0
199,2024-3-7,RAPT,8.66,8.58,-0.31,3.0
200,2024-3-8,MAPS,0.9203,0.866,-0.54,3.0
201,2024-3-8,ZOM,0.1401,0.1329,0.08,3.0
202,2024-3-8,ANIX,3.55,3.08,-0.58,3.0
203,2024-3-8,DADA,2.1,2.49,0.19,3.0
204,2024-3-8,CRMT,67.34,60.605,-0.5,5.0
205,2024-3-8,OMER,4.59,3.68,0.58,3.0
206,2024-3-8,CGEM,18.29,16.91,-0.15,2.0
207,2024-3-8,ALLK,1.48,1.305,-0.46,2.0
208,2024-3-8,HIBB,81.74,73.03,0.35,2.0
209,2024-3-8,ATRA,0.7999,0.63,-0.46,3.0
210,2024-3-8,EVA,0.4368,0.5092,0.0,2.0
211,2024-3-8,GORV,4.02,4.45,-0.38,5.0
212,2024-3-8,ASM,0.4599,0.5797,0.42,3.0
213,2024-3-8,PRQR,2.14,2.32,-0.19,3.0
214,2024-3-8,PSNY,2.1,1.55,-0.27,2.0
215,2024-3-8,RGLS,1.5,2.445,-0.15,3.0
216,2024-3-8,FTCHF,0.01679999940097332,0.01769999973475933,-0.58,3.0
217,2024-3-8,CRVS,2.23,1.88,0.58,3.0
218,2024-3-8,PLCE,19.32,13.46,-0.54,4.0
219,2024-3-8,BLUE,1.43,1.34,0.04,3.0
220,2024-3-8,CMTL,6.76,4.55,-0.5,5.0
221,2024-3-8,OLMA,12.6,11.57,0.23,3.0
222,2024-3-8,SRRK,15.5,14.78,0.5,3.0
223,2024-3-8,STRR,0.9975,0.91,-0.65,3.0
224,2024-3-8,CASA,0.4123,0.36,0.23,3.0
225,2024-3-8,AQN,5.75,6.09,0.42,4.0
226,2024-3-8,NGM,1.54,1.53,-0.08,3.0
227,2024-3-8,ALVR,0.7348,0.7399,0.12,3.0
228,2024-3-8,ADVM,2.05,1.73,0.19,3.0
229,2024-3-8,CDTX,0.6972,0.641,-0.62,3.0
230,2024-3-8,CING,1.3396,1.16,-0.54,3.0
231,2024-3-8,VNET,1.6,1.93,-0.62,3.0
232,2024-3-8,GMDA,0.3696,0.325,-0.65,3.0
233,2024-3-8,LBPH,22.75,18.89,-0.12,3.0
234,2024-3-8,OVID,3.25,2.75,-0.58,3.0
235,2024-3-8,LRMR,11.43,8.695,0.15,4.0
236,2024-3-8,BPTH,6.41,5.03,-0.46,3.0
237,2024-3-8,OLK,22.46500015258789,23.95,0.19,3.0
238,2024-3-8,MYNZ,0.8929,1.02,-0.38,3.0
239,2024-3-8,GLYC,2.92,2.61,-0.35,3.0
240,2024-3-8,EVEX,5.46999979019165,5.18,-0.5,3.0
241,2024-3-8,IRIX,2.66,2.59,0.19,3.0
242,2024-3-8,ONDS,1.24,0.95,-0.46,3.0
243,2024-3-8,FPAY,1.2,1.15,-0.54,3.0
244,2024-3-8,YTEN,0.26,0.251,-0.38,3.0
245,2024-3-8,OXSQ,3.08,3.09,0.38,3.0
246,2024-3-8,CLNN,0.41,0.42,-0.46,3.0
247,2024-3-8,ACHL,1.3,1.11,0.12,3.0
248,2024-3-8,INTZ,0.185,0.196,-0.23,3.0
249,2024-3-8,ICCM,1.32,1.23,-0.15,3.0
250,2024-3-8,RCMT,27.6,21.6,-0.23,4.0
251,2024-3-8,SDCCQ,0.0017999999690800905,0.0024999999441206455,-0.46,3.0
252,2024-3-8,CC,19.41,26.4,-0.23,5.0
253,2024-3-8,OPRX,15.83,12.92,0.58,4.0
254,2024-3-8,ASXC,0.305,0.2915,-0.38,2.0
255,2024-3-8,TARA,4.6,3.57,0.12,3.0
256,2024-3-8,FRCB,0.06199999898672104,0.03799999877810478,-0.5,3.0
257,2024-3-8,ONTX,0.824,0.9026,0.42,3.0
258,2024-3-8,ALDX,3.61,2.77,0.31,2.0
259,2024-3-8,TGB,1.51,1.85,0.58,3.0
260,2024-3-8,SGMO,1.17,0.78,0.0,3.0
261,2024-3-8,LYRA,5.33,5.73,0.54,2.0
262,2024-3-8,GCO,31.979999542236328,24.55,-0.35,5.0
263,2024-3-8,NNOX,11.12,10.02,0.31,4.0
264,2024-3-8,OMGA,4.11,3.64,0.65,3.0
265,2024-3-8,NSTGQ,0.11999999731779099,0.1550000011920929,0.29,3.0
266,2024-3-8,TYRA,19.51,17.75,0.31,2.0
267,2024-3-8,LICY,0.4168,0.73,-0.04,3.0
268,2024-3-11,CTMX,2.75,2.07,0.38,3.0
269,2024-3-11,BLDP,3.11,2.7999,0.04,3.0
270,2024-3-11,MYPS,2.34,2.1197,-0.46,3.0
271,2024-3-11,VRME,1.21,1.19,0.04,3.0
272,2024-3-11,DLO,16.67,17.99,0.31,4.0
273,2024-3-11,LFMD,7.99,10.2796,0.62,3.0
274,2024-3-11,CLLS,2.6500000953674316,2.52,-0.42,3.0
275,2024-3-11,ASRT,0.88,1.13,0.23,3.0
276,2024-3-11,OCUL,10.75,9.46,0.42,2.0
277,2024-3-11,MTN,236.5,224.69,-0.08,3.0
278,2024-3-11,FTRE,37.16,39.3,0.38,3.0
279,2024-3-11,ORCL,114.0,125.6,0.58,3.0
280,2024-3-11,LEGN,65.53,64.01,0.23,2.0
281,2024-3-11,CVGW,28.32,28.86,0.62,5.0
282,2024-3-11,ASAN,20.02,15.97,-0.38,3.0
283,2024-3-11,SILV,5.22,6.66,0.12,3.0
284,2024-3-11,ALTO,2.19,1.98,0.19,3.0
285,2024-3-11,DM,0.63,0.6499,0.31,3.0
286,2024-3-11,SND,1.95,1.94,0.31,3.0
287,2024-3-11,CASY,307.11,305.43,0.54,2.0
288,2024-3-11,BTCS,1.67,1.4,-0.15,3.0
289,2024-3-11,FTEK,1.17,1.1,0.38,3.0
290,2024-3-11,SONX,0.18250000476837158,0.10000000149011612,-0.38,3.0
291,2024-3-12,SYRS,7.96,6.03,-0.15,3.0
292,2024-3-12,CLPT,6.17,7.07,-0.35,3.0
293,2024-3-12,IAUX,1.51,1.45,0.5,3.0
294,2024-3-12,VERI,2.29,3.39,0.46,3.0
295,2024-3-12,SKIN,3.54,3.52,0.31,3.0
296,2024-3-12,BLDE,3.521,2.58,0.58,3.0
297,2024-3-12,ADTH,3.0,3.06,0.27,3.0
298,2024-3-12,MXCT,4.67,4.17,-0.5,3.0
299,2024-3-12,KC,2.77,3.4,-0.46,3.0
300,2024-3-12,NRGV,1.74,1.69,0.31,3.0
301,2024-3-12,BTMD,5.51,6.66,0.31,2.0
302,2024-3-12,PRPL,2.03,1.52,0.42,3.0
303,2024-3-12,LDI,2.56,2.25,0.46,3.0
304,2024-3-12,HGTY,8.77,8.73,0.5,3.0
305,2024-3-12,DBI,10.359999656677246,11.546,0.31,3.0
306,2024-3-12,SBIG,0.17000000178813934,0.15049999952316284,0.19,4.0
307,2024-3-12,INSE,9.33,9.24,-0.46,4.0
308,2024-3-12,PHX,3.0299999713897705,2.9717,-0.15,3.0
309,2024-3-12,CAL,39.0,38.77,0.23,3.0
310,2024-3-12,CLSD,1.3993,1.69,0.5,3.0
311,2024-3-12,QFIN,15.48,18.46,0.27,3.0
312,2024-3-12,IGT,24.38,20.17,-0.54,3.0
313,2024-3-12,CRMD,3.65,3.7719,0.54,3.0
314,2024-3-12,BIRD,0.8996,0.73,-0.54,4.0
315,2024-3-12,DTIL,12.81,11.63,-0.46,3.0
316,2024-3-12,PRE,4.929999828338623,4.56,0.42,3.0
317,2024-3-12,RXT,1.9505,1.58,0.46,3.0
318,2024-3-12,CORZ,4.02,3.3,0.56,3.0
319,2024-3-12,KSS,27.74,25.05,0.0,4.0
320,2024-3-12,REFI,16.75,16.0,0.54,3.0
321,2024-3-12,AKBA,1.64,1.89,-0.15,3.0
322,2024-3-12,BLTE,47.05,40.97,-0.12,4.0
323,2024-3-12,CLOV,0.8404,0.799,-0.31,3.0
324,2024-3-12,UEC,6.75,6.38,-0.46,2.0
325,2024-3-12,PWFL,3.12,3.83,-0.35,3.0
326,2024-3-12,LSF,0.8,2.6,0.12,3.0
327,2024-3-12,RFIL,3.2699999809265137,3.02,-0.04,3.0
328,2024-3-12,WKHS,0.3068,0.2497,0.12,3.0
329,2024-3-12,SIGA,5.06,7.9597,-0.62,4.0
330,2024-3-12,ZFOX,1.11,1.11,0.04,3.0
331,2024-3-13,HEAR,10.26,17.29,0.27,2.0
332,2024-3-13,KRMD,2.04,2.06,-0.58,3.0
333,2024-3-13,CRLBF,1.590000033378601,2.0799999237060547,-0.35,4.0
334,2024-3-13,PANL,8.06,7.0,-0.31,1.0
335,2024-3-13,HLTH,0.25,0.2005,0.19,2.0
336,2024-3-13,VFF,0.76,0.8801,-0.38,3.0
337,2024-3-13,WSM,240.91000366210938,293.25,0.54,3.0
338,2024-3-13,LUNA,5.96,3.9,-0.54,3.0
339,2024-3-13,NOA,24.93000030517578,23.6,0.5,3.0
340,2024-3-13,NN,3.68,4.85,0.65,3.0
341,2024-3-13,LQDA,13.91,16.025,-0.19,3.0
342,2024-3-13,BCEL,0.238,0.07530000060796738,-0.42,3.0
343,2024-3-13,AADI,2.13,2.1306,0.04,3.0
344,2024-3-13,ACDC,8.41,8.06,0.04,5.0
345,2024-3-13,JUSHF,0.6658999919891357,0.7001000046730042,-0.46,3.0
346,2024-3-13,SCPH,6.0,5.35,-0.58,4.0
347,2024-3-13,MLYS,14.6,13.8,0.0,3.0
348,2024-3-13,PATH,22.42,23.13,0.38,3.0
349,2024-3-13,ACET,2.42,2.16,0.04,2.0
350,2024-3-13,GWH,0.8401,0.6988,-0.5,3.0
351,2024-3-13,SHCR,0.9875,0.9824,-0.62,3.0
352,2024-3-13,ADDYY,103.18000030517578,109.08999633789062,0.46,3.0
353,2024-3-13,VWAGY,14.944999694824219,14.916000366210938,0.19,3.0
354,2024-3-13,HTHT,34.7,39.74,0.38,2.0
355,2024-3-13,PRAX,53.0,53.75,0.46,2.0
356,2024-3-13,MOR,17.739999771118164,18.09,0.27,2.0
357,2024-3-13,S,27.77,22.86,-0.08,3.0
358,2024-3-13,MGTX,6.07,6.28,0.58,3.0
359,2024-3-13,INO,9.84,10.5,0.62,2.0
360,2024-3-13,EGY,4.44,6.05,0.42,5.0
361,2024-3-13,EONGY,13.055000305175781,13.5,0.38,2.0
362,2024-3-13,ZIM,10.8,9.29,-0.38,2.0
363,2024-3-13,DLTR,149.0,128.1,0.46,3.0
364,2024-3-13,EBR,8.86,8.13,0.04,3.0
365,2024-3-13,WOOF,2.59,1.93,0.19,2.0
366,2024-3-13,GDS,6.05,7.95,0.35,4.0
367,2024-3-13,MLEC,1.8,1.49,-0.38,3.0
368,2024-3-13,FRGE,1.84,1.92,-0.27,3.0
369,2024-3-13,EFTR,15.89,12.26,-0.54,2.0
370,2024-3-13,ARCO,11.57,11.06,-0.19,3.0
371,2024-3-13,LEN,159.57,158.48,0.46,2.0
372,2024-3-13,LFT,2.4,2.24,0.23,3.0
373,2024-3-13,IKNA,1.51,1.51,0.0,2.0
374,2024-3-13,SMTC,22.0,22.87,0.38,1.0
375,2024-3-13,LMB,53.7,42.0,0.31,3.0
376,2024-3-13,SCYX,1.65,1.48,-0.58,4.0
377,2024-3-13,MGIC,11.22,12.14,-0.38,3.0
378,2024-3-13,SPRB,5.09,0.76,0.42,3.0
379,2024-3-13,SLN,25.450000762939453,23.8,0.08,3.0
380,2024-3-13,AURA,9.0,7.82,0.12,3.0
381,2024-3-13,GRWG,2.01,2.0182,-0.35,4.0
382,2024-3-13,FTCI,0.507,0.5429,-0.62,3.0
383,2024-3-13,TH,8.97,8.78,-0.54,3.0
384,2024-3-13,TNP,23.29,24.3289,-0.23,5.0
385,2024-3-13,PDD,120.33,128.33,-0.19,2.0
386,2024-3-13,CHRS,2.27,2.42,-0.58,4.0
387,2024-3-14,PD,23.43,23.16,-0.46,3.0
388,2024-3-14,WPM,43.72,45.67,0.19,3.0
389,2024-3-14,RGTI,1.79,1.75,0.62,3.0
390,2024-3-14,AMPS,6.53,4.71,-0.46,3.0
391,2024-3-14,CLPR,4.85,4.7,-0.12,3.0
392,2024-3-14,BLNK,3.13,2.73,0.19,2.0
393,2024-3-14,CSIQ,20.31,19.35,-0.65,4.0
394,2024-3-14,ULTA,547.5,523.9,0.54,2.0
395,2024-3-14,DG,156.0,155.0,0.42,3.0
396,2024-3-14,MNTK,5.2484,4.23,-0.62,2.0
397,2024-3-14,MOND,2.35,2.35,-0.08,3.0
398,2024-3-14,SMR,4.42,4.96,0.58,3.0
399,2024-3-14,MDWD,16.8,15.62,0.5,3.0
400,2024-3-14,EVCM,9.24,9.23,0.08,3.0
401,2024-3-14,URGN,18.05,14.37,0.04,3.0
402,2024-3-14,KRT,29.35,28.31,0.54,2.0
403,2024-3-14,ARMP,3.85,3.89,0.5,3.0
404,2024-3-14,AGEN,0.7119,0.56,-0.65,3.0
405,2024-3-14,UCL,1.6,1.74,0.38,3.0
406,2024-3-14,DKS,181.23,218.05,0.54,3.0
407,2024-3-14,BBW,23.2,28.59,0.65,3.0
408,2024-3-14,CABA,21.5,17.55,-0.27,3.0
409,2024-3-14,SMAR,41.66999816894531,39.62,-0.46,3.0
410,2024-3-14,BHIL,0.1996,0.2201,-0.58,3.0
411,2024-3-14,RDW,3.1018,3.86,0.46,3.0
412,2024-3-14,CNTY,2.6,2.97,0.08,5.0
413,2024-3-14,WB,8.7584,9.49,0.23,4.0
414,2024-3-14,CODX,1.14,1.14,0.15,3.0
415,2024-3-14,BUR,14.09,14.82,-0.27,3.0
416,2024-3-14,REE,6.11,5.84,0.54,3.0
417,2024-3-14,CURV,4.730000019073486,3.49,-0.46,3.0
418,2024-3-14,STKS,3.5,4.575,-0.42,3.0
419,2024-3-14,DTC,2.49,2.24,-0.35,3.0
420,2024-3-14,CELC,17.8,17.79,0.46,3.0
421,2024-3-14,ALLO,5.63,4.37,0.0,3.0
422,2024-3-14,GETY,4.78,5.07,0.62,3.0
423,2024-3-14,MOMO,6.87,6.03,0.46,3.0
424,2024-3-14,ETON,4.475,3.55,-0.27,3.0
425,2024-3-14,FUTU,56.1,57.71,0.62,3.0
426,2024-3-14,AKBA,1.4901,1.92,-0.27,3.0
427,2024-3-14,EIGR,6.57,5.37,-0.62,3.0
428,2024-3-14,KZR,1.05,0.88,-0.46,3.0
429,2024-3-14,SCWX,6.67,6.13,-0.62,3.0
430,2024-3-14,NGS,17.75,18.17,0.46,3.0
431,2024-3-14,KOPN,2.5,1.91,-0.15,3.0
432,2024-3-14,AUTL,5.5,6.6,-0.15,3.0
433,2024-3-14,BRLT,2.79,2.95,-0.65,3.0
434,2024-3-14,RMBL,7.1703,6.02,-0.23,3.0
435,2024-3-14,AAGIY,30.1200008392334,28.889999389648438,0.31,3.0
436,2024-3-14,BEKE,12.82,14.26,0.31,3.0
437,2024-3-14,ADBE,541.0,519.5,0.38,2.0
438,2024-3-14,PHR,25.8,24.5,-0.54,3.0
439,2024-3-14,VXRT,1.22,1.18,-0.08,2.0
440,2024-3-14,IPSC,5.25,5.1,0.42,2.0
441,2024-3-14,AGRO,10.13,10.63,0.27,4.0
442,2024-3-15,NKTX,14.52,12.98,0.38,3.0
443,2024-3-15,KULR,0.14,0.2299,-0.38,3.0
444,2024-3-15,PPTA,3.79,4.15,0.65,3.0
445,2024-3-15,SHCO,5.949999809265137,6.19,-0.04,3.0
446,2024-3-15,VUZI,1.51,1.38,-0.58,4.0
447,2024-3-15,HLVX,18.64,15.87,0.42,3.0
448,2024-3-15,TLS,3.5,4.48,-0.35,3.0
449,2024-3-15,GRPN,18.11,15.02,0.12,3.0
450,2024-3-15,ERJ,21.49,24.81,0.54,3.0
451,2024-3-15,ATNM,7.53,9.11,0.12,3.0
452,2024-3-15,JSPR,25.0,30.0,0.58,2.0
453,2024-3-15,JBL,154.7,129.5,0.35,3.0
454,2024-3-15,GCT,33.33,30.75,0.54,3.0
455,2024-3-18,CMCT,3.7,3.86,0.23,3.0
456,2024-3-18,BTBT,2.6,2.4,-0.54,3.0
457,2024-3-18,CMTL,5.95,3.21,-0.42,5.0
458,2024-3-18,DLO,16.85,15.47,0.38,4.0
459,2024-3-18,BAK,8.02,10.3,0.23,3.0
460,2024-3-18,ACXP,2.96,2.01,-0.54,3.0
461,2024-3-18,STNE,16.6,16.32,0.54,2.0
462,2024-3-18,CWCO,30.03,29.35,-0.62,2.0
463,2024-3-18,RAIL,3.09,3.75,0.46,3.0
464,2024-3-18,ALPN,35.22,39.4,0.31,3.0
465,2024-3-18,ERJ,21.5,26.89,0.69,3.0
466,2024-3-18,SONM,0.665,0.6799,-0.5,3.0
467,2024-3-18,XGN,1.98,1.68,-0.62,2.0
468,2024-3-18,RFIL,3.21,3.12,-0.42,3.0
469,2024-3-18,EYEN,1.59,1.1692,-0.46,3.0
470,2024-3-19,KGEI,3.738600015640259,3.2,0.46,5.0
471,2024-3-19,ATRA,0.7223,0.6943,-0.42,3.0
472,2024-3-19,XPEV,10.44,8.6,0.23,3.0
473,2024-3-19,WULF,1.9,2.58,-0.38,3.0
474,2024-3-19,CRVS,2.01,1.76,-0.12,3.0
475,2024-3-19,CLRB,3.84,3.8002,-0.23,3.0
476,2024-3-19,KRON,1.33,1.23,0.12,4.0
477,2024-3-19,CAL,36.09,41.39,0.38,4.0
478,2024-3-19,DRIO,1.74,1.49,-0.42,3.0
479,2024-3-19,HUYA,4.24,4.49,0.54,3.0
480,2024-3-19,RLMD,5.9,4.75,0.08,3.0
481,2024-3-19,DEC,11.89,11.3,-0.38,3.0
482,2024-3-19,TBIO,0.5509,0.4612,0.27,3.0
483,2024-3-19,ZTO,21.15,21.0899,0.42,4.0
484,2024-3-19,ABSI,4.86,4.96,-0.15,4.0
485,2024-3-19,TME,10.6,11.15,0.42,3.0
486,2024-3-20,CURI,0.55,1.0099,0.35,3.0
487,2024-3-20,ASM,0.52,0.581,0.42,3.0
488,2024-3-20,KC,3.48,3.13,0.31,2.0
489,2024-3-20,CERE,41.99,42.36,0.46,4.0
490,2024-3-20,RGLS,2.4,2.74,0.5,3.0
491,2024-3-20,MBRX,0.5656,4.53,-0.5,2.0
492,2024-3-20,MU,97.85,118.75,0.31,2.0
493,2024-3-20,RPHM,1.6,1.65,-0.19,3.0
494,2024-3-20,JKS,28.52,22.55,-0.42,3.0
495,2024-3-20,SCS,12.7,12.7,-0.15,4.0
496,2024-3-20,BKKT,0.5881,0.47,-0.54,3.0
497,2024-3-20,ALVO,15.01,12.75,-0.15,3.0
498,2024-3-20,EPAC,33.130001068115234,35.51,0.62,3.0
499,2024-3-20,SIG,97.0,97.9,0.27,2.0
500,2024-3-20,EQ,2.53,2.15,0.58,2.0
501,2024-3-20,ACET,2.41,2.35,-0.54,2.0
502,2024-3-20,BNTX,95.02,91.99,0.0,4.0
503,2024-3-20,TRVI,3.04,3.39,0.27,3.0
504,2024-3-20,CNTX,1.17,1.27,-0.5,3.0
505,2024-3-20,HTHT,38.18,38.65,0.5,3.0
506,2024-3-20,GES,25.36,30.5,0.0,2.0
507,2024-3-20,TKC,4.95,5.13,-0.31,3.0
508,2024-3-20,SNTI,0.3991,0.412,-0.31,3.0
509,2024-3-20,KBH,69.87,68.02,0.27,2.0
510,2024-3-20,AVRO,1.28,1.26,-0.5,3.0
511,2024-3-20,SNAL,1.0,1.0599,-0.31,3.0
512,2024-3-20,VSTA,3.79,4.0,-0.58,3.0
513,2024-3-20,NCNA,1.0,0.2992,0.27,3.0
514,2024-3-20,OLLI,74.52,76.06,-0.12,3.0
515,2024-3-20,PYXS,5.74,3.83,-0.04,3.0
516,2024-3-20,FIVE,202.83,175.75,0.46,3.0
517,2024-3-20,GIS,66.0,68.35,0.42,3.0
518,2024-3-20,CHWY,18.01,15.28,-0.54,1.0
519,2024-3-20,AFMD,5.45,5.33,-0.5,2.0
520,2024-3-20,CAAP,13.5,15.97,0.54,3.0
521,2024-3-20,PDD,118.16,119.9,0.46,3.0
522,2024-3-20,PHUN,10.3,9.5799,-0.27,2.0
523,2024-3-21,RVSN,2.94,2.2409,-0.5,3.0
524,2024-3-21,RMTI,1.44,1.65,-0.35,3.0
525,2024-3-21,CCLD,1.32,1.19,-0.54,3.0
526,2024-3-21,CMC,52.439998626708984,58.32,0.58,3.0
527,2024-3-21,HYPR,1.07,1.0,0.35,3.0
528,2024-3-21,VERA,45.24,43.64,0.08,3.0
529,2024-3-21,WGO,66.0,72.27,-0.46,4.0
530,2024-3-21,NTBL,1.67,1.8398,0.15,3.0
531,2024-3-21,MDWD,14.79,15.0,0.38,3.0
532,2024-3-21,LVTX,2.63,3.84,0.62,3.0
533,2024-3-21,SRZN,13.380599975585938,14.6,0.27,2.0
534,2024-3-21,VRME,1.23,1.44,0.65,3.0
535,2024-3-21,SNDL,1.35,2.0999,0.46,3.0
536,2024-3-21,IFRX,1.59,1.54,0.35,3.0
537,2024-3-21,BCAB,2.53,3.48,-0.08,3.0
538,2024-3-21,EXAI,6.9,5.75,-0.15,3.0
539,2024-3-21,IPHA,2.440000057220459,2.37,-0.42,3.0
540,2024-3-21,MLYS,12.59,12.77,0.27,3.0
541,2024-3-21,ERAS,2.29,2.22,-0.31,3.0
542,2024-3-21,GOVX,2.21,1.9,-0.31,3.0
543,2024-3-21,FEMY,1.76,1.43,0.54,3.0
544,2024-3-21,SCVL,32.33,35.73,0.46,5.0
545,2024-3-21,DBI,10.899999618530273,10.62,0.38,2.0
546,2024-3-21,FDS,481.57,448.0,0.62,3.0
547,2024-3-21,SOL,1.9595,2.0,0.38,3.0
548,2024-3-21,APYX,1.69,1.34,-0.46,3.0
549,2024-3-21,ACN,379.4,340.0,0.46,3.0
550,2024-3-21,GAMB,8.72,8.9,0.15,3.0
551,2024-3-21,AIR,65.0,60.11,0.58,4.0
552,2024-3-21,GANX,4.4,3.73,-0.08,3.0
553,2024-3-21,PNGAY,9.399999618530273,8.404999732971191,-0.23,4.0
554,2024-3-21,DRI,176.0,166.5,0.54,3.0
555,2024-3-21,DRCT,27.6,15.915,0.46,3.0
556,2024-3-21,AMPX,2.8988,2.5819,-0.54,3.0
557,2024-3-21,CUTR,1.98,1.4,-0.42,4.0
558,2024-3-21,VAXX,0.7814,0.6999,-0.27,3.0
559,2024-3-21,IDN,1.7608,3.8,-0.46,3.0
560,2024-3-21,ENLAY,6.710000038146973,6.629799842834473,-0.31,4.0
561,2024-3-21,OSS,3.7,3.35,0.15,3.0
562,2024-3-21,IMNM,24.6,26.33,0.31,4.0
563,2024-3-21,NEOG,15.63,15.46,-0.38,3.0
564,2024-3-21,ASO,68.91,67.81,0.27,4.0
565,2024-3-21,SPRY,8.91,9.98,0.0,3.0
566,2024-3-21,FDX,255.23,285.0,0.62,4.0
567,2024-3-21,MNPR,0.7495,0.7427,0.15,3.0
568,2024-3-21,SLS,1.55,1.0402,-0.12,3.0
569,2024-3-21,ASXC,0.291,0.2391,-0.46,3.0
570,2024-3-21,NKE,101.53,94.0,-0.38,3.0
571,2024-3-21,CWD,1.07,0.9082,-0.62,2.0
572,2024-3-21,LULU,466.41,389.5,0.62,3.0
573,2024-3-21,TITN,25.76,24.22,0.23,3.0
574,2024-3-21,HOOK,0.7555,0.71,0.35,2.0
575,2024-3-21,INKT,0.9369,0.9299,-0.42,3.0
576,2024-3-21,WS,29.44,36.34,-0.18,3.0
577,2024-3-21,SCHL,37.3,38.26,-0.31,4.0
578,2024-3-21,CIG,2.29,2.5,-0.46,3.0
579,2024-3-22,HYZN,0.7486000061035156,0.75,-0.12,3.0
580,2024-3-22,HUMA,3.140000104904175,3.11,0.15,2.0
581,2024-3-22,STRR,0.8500000238418579,0.8875,-0.27,3.0
582,2024-3-22,MTA,3.069999933242798,3.22,0.46,3.0
583,2024-3-22,WRN,1.49,1.53,0.62,3.0
584,2024-3-22,MAIA,1.34,2.24,0.35,3.0
585,2024-3-25,ITRM,1.66,1.54,0.38,2.0
586,2024-3-25,XOS,12.359999656677246,10.3,0.15,2.0
587,2024-3-25,VIOT,0.6179999709129333,0.5575,-0.58,3.0
588,2024-3-25,BKKT,0.5939,0.4696,-0.38,3.0
589,2024-3-25,GLTO,0.818,0.78,-0.15,2.0
590,2024-3-25,NVNO,5.980000019073486,5.44,0.35,3.0
591,2024-3-25,REKR,2.28,2.25,-0.54,2.0
592,2024-3-25,LUCD,1.16,0.85,-0.54,3.0
593,2024-3-25,TMC,1.74,1.4293,0.54,3.0
594,2024-3-27,CTAS,627.77,676.84,0.42,3.0
595,2024-3-27,THRD,9.03499984741211,8.74,-0.31,3.0
596,2024-3-27,BRZE,50.8,43.24,-0.46,3.0
597,2024-3-27,SYRS,6.25,4.5522,0.0,3.0
598,2024-3-27,CYCC,2.2600998878479004,2.12,-0.42,3.0
599,2024-3-27,CUE,1.8600000143051147,1.82,-0.46,3.0
600,2024-3-27,JEF,43.81999969482422,43.21,0.38,3.0
601,2024-3-27,PIRS,0.231,0.1761,-0.15,3.0
602,2024-3-27,BCDA,0.39,0.3997,-0.42,3.0
603,2024-3-27,FC,39.290000915527344,36.84,-0.58,3.0
604,2024-3-27,CXM,13.01,12.22,0.0,3.0
605,2024-3-27,RUM,7.62,7.35,0.27,3.0
606,2024-3-27,PHGE,0.379,0.3933,0.12,2.0
607,2024-3-27,PDSB,4.7486,3.74,-0.54,3.0
608,2024-3-27,CLRB,3.78,4.02,0.46,3.0
609,2024-3-27,CCL,16.12,15.45,0.54,2.0
610,2024-3-27,KOD,5.34,4.25,0.54,2.0
611,2024-3-27,MLKN,30.100000381469727,25.62,0.27,3.0
612,2024-3-27,VNET,1.94,1.73,-0.08,2.0
613,2024-3-27,ADAG,2.819999933242798,3.0,-0.23,3.0
614,2024-3-27,UGRO,2.180000066757202,1.59,-0.38,3.0
615,2024-3-27,RH,277.99,310.71,0.23,4.0
616,2024-3-27,CADL,1.5199999809265137,1.69,0.12,3.0
617,2024-3-27,GTBP,4.210000038146973,4.2,-0.31,2.0
618,2024-3-27,AQMS,0.5563,0.67,-0.5,3.0
619,2024-3-27,REE,5.599999904632568,5.96,-0.31,3.0
620,2024-3-27,TOI,1.4800000190734863,1.5301,-0.31,2.0
621,2024-3-27,GLYC,2.9600000381469727,3.0,0.0,3.0
622,2024-3-27,CELC,18.0,20.03,0.5,3.0
623,2024-3-27,GOEV,2.88,2.82,0.12,3.0
624,2024-3-27,CWCO,27.47,26.7,0.23,2.0
625,2024-3-27,VRNT,31.2,31.13,0.0,3.0
626,2024-3-27,PAYX,120.99,122.1015,-0.65,4.0
627,2024-3-27,BEEM,6.98,6.28,-0.38,3.0
628,2024-3-27,UNF,168.35000610351562,165.8,-0.5,3.0
629,2024-3-27,IVA,3.59,3.63,-0.38,4.0
630,2024-3-27,ANTX,3.0,3.3801,-0.31,2.0
631,2024-3-27,MREO,3.13,3.45,-0.12,3.0
632,2024-3-27,KRRO,64.75499725341797,81.2,0.62,2.0
633,2024-3-27,PLBY,0.9203,0.944,-0.04,3.0
634,2024-3-27,ATAI,1.73,1.85,-0.27,3.0
635,2024-3-27,ALT,8.84,9.33,-0.31,3.0
636,2024-3-27,IVVD,3.3,3.81,-0.5,3.0
637,2024-3-27,TNP,24.3225,25.89,0.58,3.0
638,2024-3-27,BTTX,0.015799999237060547,0.011900000274181366,-0.5,3.0
639,2024-3-27,GTEC,2.22,1.85,-0.5,3.0
640,2024-3-28,PEGY,0.0648,0.067,-0.35,3.0
641,2024-3-28,GALT,2.200000047683716,2.92,0.5,3.0
642,2024-3-28,PL,2.38,2.14,0.31,3.0
643,2024-3-28,ITRM,1.5903,1.55,0.38,2.0
644,2024-3-28,QBTS,2.14,1.94,0.31,3.0
645,2024-3-28,YZCAY,21.700000762939453,21.540000915527344,-0.35,3.0
646,2024-3-28,SGRP,1.0198999643325806,1.64,-0.12,3.0
647,2024-3-28,VUZI,1.35,1.24,-0.5,3.0
648,2024-3-28,SHCR,1.1,0.6407,-0.62,3.0
649,2024-3-28,SOL,1.95,1.96,0.42,3.0
650,2024-3-28,NRXP,0.47,4.71,0.31,2.0
651,2024-3-28,GROY,1.94,2.02,0.46,3.0
652,2024-3-28,ELDN,1.659999966621399,1.69,0.5,2.0
653,2024-3-28,ZVRA,6.04,5.03,-0.19,4.0
654,2024-3-28,PIII,0.9585,0.8038,-0.54,3.0
655,2024-3-28,FORA,3.559999942779541,3.06,0.46,3.0
656,2024-3-28,DRIO,1.47,1.48,-0.38,4.0
657,2024-3-28,CURV,3.49,4.67,-0.19,3.0
658,2024-3-28,CRDL,1.58,1.94,0.62,3.0
659,2024-3-28,VTSI,9.649999618530273,15.25,0.62,3.0
660,2024-3-28,AREC,1.57,1.38,-0.54,3.0
661,2024-3-28,WBA,21.22,18.53,-0.42,4.0
662,2024-3-28,ATOS,1.65,2.02,0.35,3.0
663,2024-3-28,SSIC,9.96,9.61,0.31,4.0
664,2024-3-28,SMTC,22.38,31.65,0.65,3.0
665,2024-3-28,DARE,0.47,0.4834,0.23,3.0
666,2024-3-28,OPRX,12.779999732971191,11.17,-0.35,3.0
667,2024-3-28,DOOO,64.0,75.09,-0.46,3.0
668,2024-3-28,AFMD,5.289999961853027,6.78,-0.08,3.0
669,2024-3-28,SABS,4.789999961853027,4.51,-0.62,3.0
670,2024-3-28,SRFM,0.9,0.924,-0.62,3.0
671,2024-3-29,GNPX,3.17,2.98,-0.27,3.0
672,2024-3-29,QMCI,0.210099995136261,0.210099995136261,0.19,3.0
673,2024-3-29,UNCY,1.35,1.47,0.12,3.0
674,2024-3-29,SOPA,0.167,0.1661,-0.54,3.0
675,2024-3-29,LMFA,2.7,3.3,0.54,3.0
676,2024-3-29,OCGN,1.44,1.5103,0.38,3.0
677,2024-4-1,ZOM,0.1379,0.1408,0.31,3.0
678,2024-4-1,OMER,3.4,3.43,-0.27,3.0
679,2024-4-1,SACH,4.56,3.61,0.54,3.0
680,2024-4-1,TBLT,3.06,2.4,-0.19,2.0
681,2024-4-1,PPSI,5.71,4.39,0.46,3.0
682,2024-4-1,DUOT,5.26,4.1,0.23,3.0
683,2024-4-1,PVH,134.97,108.73,0.58,2.0
684,2024-4-1,SGML,11.82,14.59,-0.23,5.0
685,2024-4-1,AVTX,4.9,16.27,0.42,3.0
686,2024-4-1,ISUN,0.2049,0.229,0.42,3.0
687,2024-4-1,ONDS,0.9639000296592712,1.07,-0.31,3.0
688,2024-4-1,FPAY,1.26,1.36,0.62,3.0
689,2024-4-1,NGS,18.68000030517578,24.8,0.35,3.0
690,2024-4-1,ANVS,11.6,11.09,0.5,2.0
691,2024-4-1,ASTS,2.84,2.24,-0.23,2.0
692,2024-4-1,MVST,0.7193,0.5049,0.15,3.0
693,2024-4-1,NNOX,9.64,10.67,0.0,3.0
694,2024-4-2,GRRR,0.789,0.84,-0.38,3.0
695,2024-4-2,CALM,59.74,63.62,0.19,4.0
696,2024-4-2,PAYX,119.01,124.26,0.62,4.0
697,2024-4-2,ABVX,14.800000190734863,15.09,0.17,3.0
698,2024-4-2,EVAX,3.1,4.09,-0.08,3.0
699,2024-4-2,PLAY,59.20000076293945,64.5,0.58,3.0
700,2024-4-2,MAXN,3.14,2.56,-0.23,3.0
701,2024-4-3,BB,2.66,3.09,-0.42,3.0
702,2024-4-3,SLP,41.599998474121094,50.73,-0.58,3.0
703,2024-4-3,PHGE,0.3374,0.368,0.46,2.0
704,2024-4-3,AYI,267.66,266.36,0.23,3.0
705,2024-4-3,LEVI,18.81,20.4,0.58,3.0
706,2024-4-3,SPWH,3.03,3.5,-0.35,3.0
707,2024-4-3,ICCM,1.18,1.23,0.54,3.0
708,2024-4-4,CAG,29.49,30.7,0.23,4.0
709,2024-4-4,LNN,118.58000183105469,115.1,-0.46,5.0
710,2024-4-4,LW,106.29,79.85,0.27,4.0
711,2024-4-4,RDUS,20.549999237060547,18.85,-0.15,4.0
712,2024-4-4,CHEK,2.58,2.48,0.27,3.0
713,2024-4-4,CLIR,0.9898999929428101,0.989,-0.31,3.0
714,2024-4-4,GNFT,3.559999942779541,3.6683,-0.27,2.0
715,2024-4-4,RPM,120.18,110.64,0.0,4.0
716,2024-4-5,GBX,52.0,53.2,0.5,3.0
717,2024-4-5,BYRN,14.5,14.6,0.42,1.0
718,2024-4-8,CUE,1.89,1.75,-0.31,2.0
719,2024-4-8,PLCE,11.55,8.06,-0.62,4.0
720,2024-4-9,TLRY,2.5,1.79,0.42,3.0
721,2024-4-9,SGH,26.36,18.79,0.42,3.0
722,2024-4-9,RICK,56.34000015258789,50.24,-0.58,5.0
723,2024-4-9,MYNZ,1.01,0.9507,0.31,2.0
724,2024-4-9,NEOG,14.829999923706055,12.12,-0.38,4.0
725,2024-4-9,AEHR,12.27,11.3,-0.62,3.0
726,2024-4-9,WDFC,246.7100067138672,235.02,0.0,3.0
727,2024-4-10,RELL,9.149999618530273,9.9,0.27,3.0
728,2024-4-10,PLCE,10.31,7.11,-0.46,4.0
729,2024-4-10,APLD,3.85,2.5005,-0.54,5.0
730,2024-4-10,RENT,6.94,12.8,-0.42,3.0
731,2024-4-10,NRIX,14.86,14.88,0.65,3.0
732,2024-4-10,ASOMY,4.480899810791016,4.110000133514404,-0.35,4.0
733,2024-4-10,MYNZ,1.07,0.95,-0.62,2.0
734,2024-4-10,LAKE,18.040000915527344,15.89,0.31,3.0
735,2024-4-10,GLDG,0.89,0.85,0.46,3.0
736,2024-4-10,DAL,46.93,47.15,0.54,3.0
737,2024-4-11,PAVM,2.26,1.97,-0.54,1.0
738,2024-4-11,LOVE,22.74,19.86,0.38,3.0
739,2024-4-11,FAST,76.36,68.99,0.15,2.0
740,2024-4-11,HOFT,23.795000076293945,18.18,-0.42,5.0
741,2024-4-11,KMX,83.31,68.98,0.35,3.0
742,2024-4-11,TRX,0.4579,0.458,0.54,3.0
743,2024-4-11,KORE,0.7248,0.7751,-0.42,2.0
744,2024-4-11,CONN,3.140000104904175,3.81,-0.15,4.0
745,2024-4-11,STZ,268.0,258.0,0.0,3.0
746,2024-4-12,KULR,0.6905,0.3989,0.54,3.0
747,2024-4-12,BLK,793.05,747.75,-0.38,1.0
748,2024-4-12,WFC,56.69,58.69,-0.08,3.0
749,2024-4-12,C,61.11,58.4,0.0,3.0
750,2024-4-12,JPM,196.15,181.35,0.08,3.0
751,2024-4-12,STT,76.96,72.45,-0.27,3.0
752,2024-5-13,NTCOY,6.71999979019165,6.389999866485596,-0.54,3.0
753,2024-5-13,SFTBY,25.860000610351562,27.2,0.5,3.0
754,2024-5-13,IAUX,1.26,1.25,-0.38,3.0
755,2024-5-13,HLTH,0.1433,0.1039,-0.42,4.0
756,2024-5-13,KGEI,3.4700000286102295,3.0573,-0.58,4.0
757,2024-5-13,HROW,10.38,16.76,0.69,4.0
758,2024-5-13,ITRM,1.55,1.4,-0.58,2.0
759,2024-5-13,HYPR,0.85,0.8931,-0.08,2.0
760,2024-5-13,FULC,8.04,7.5,0.35,3.0
761,2024-5-13,HYZN,0.625,0.57,-0.38,3.0
762,2024-5-13,CRSP,56.15,55.9,-0.08,3.0
763,2024-5-13,QBTS,1.41,1.3,-0.31,2.0
764,2024-5-13,WULF,2.26,1.9899,-0.5,3.0
765,2024-5-13,BRNS,2.2100000381469727,2.35,-0.31,3.0
766,2024-5-13,PPTA,5.08,5.64,0.58,4.0
767,2024-5-13,URGN,14.76,13.22,-0.42,4.0
768,2024-5-13,CAPR,5.665,6.08,-0.15,3.0
769,2024-5-13,FBRX,0.7200000286102295,0.6268,0.54,2.0
770,2024-5-13,DUOT,3.1,2.66,-0.42,4.0
771,2024-5-13,DDL,1.51,1.78,0.35,3.0
772,2024-5-13,SLRN,4.340000152587891,4.39,-0.19,3.0
773,2024-5-13,VYGR,8.82,8.42,0.42,3.0
774,2024-5-13,FTRE,38.1,27.55,-0.42,3.0
775,2024-5-13,SENS,0.5049,0.4901,0.0,3.0
776,2024-5-13,GROY,1.9,1.99,-0.19,3.0
777,2024-5-13,ALC,80.2,88.83,0.62,2.0
778,2024-5-13,BUR,15.85,14.3391,-0.65,3.0
779,2024-5-13,TBPH,9.89,9.29,0.38,4.0
780,2024-5-13,OLK,23.329999923706055,23.95,0.54,4.0
781,2024-5-13,AVTE,20.399999618530273,20.57,-0.38,4.0
782,2024-5-13,LAAC,5.08,5.01,-0.62,3.0
783,2024-5-13,HUYA,4.77,6.04,0.65,1.0
784,2024-5-13,GUTS,6.55,7.06,-0.09,2.0
785,2024-5-13,GTBP,3.15,3.5,-0.46,2.0
786,2024-5-13,LEGN,45.42,46.19,-0.42,3.0
787,2024-5-13,SURG,3.85,4.22,0.15,3.0
788,2024-5-13,STNE,16.73,14.64,-0.54,2.0
789,2024-5-13,UNCY,1.1,1.01,-0.42,4.0
790,2024-5-13,MIST,1.63,1.74,0.35,3.0
791,2024-5-13,ARTL,1.33,1.42,-0.04,4.0
792,2024-5-13,ALLO,3.18,2.7797,-0.35,3.0
793,2024-5-13,IDN,3.3499999046325684,2.77,0.12,3.0
794,2024-5-13,INFN,5.289999961853027,5.25,0.62,3.0
795,2024-5-13,DTIL,11.0,12.5,-0.04,2.0
796,2024-5-13,GOEV,2.78,2.77,0.31,2.0
797,2024-5-13,ENTX,2.14,2.44,0.23,2.0
798,2024-5-13,SGIOY,11.923999786376953,11.399999618530273,-0.58,2.0
799,2024-5-13,ATOS,1.67,1.54,0.0,3.0
800,2024-5-13,BILI,14.81,16.69,0.54,2.0
801,2024-5-13,FPAY,1.0199999809265137,1.11,-0.15,2.0
802,2024-5-13,TSBX,2.7899999618530273,2.66,-0.19,2.0
803,2024-5-13,CARA,0.78,0.8,-0.5,2.0
804,2024-5-13,IKNA,1.33,1.44,-0.27,3.0
805,2024-5-13,SND,2.2,2.25,0.38,3.0
806,2024-5-13,GBIO,3.180000066757202,3.66,0.62,3.0
807,2024-5-13,VRCA,7.24,8.67,0.58,3.0
808,2024-5-13,DAC,78.54,85.15,0.5,3.0
809,2024-5-13,TCRX,8.96,8.98,0.65,3.0
810,2024-5-13,SPRB,0.7442,0.7501,-0.15,3.0
811,2024-5-13,ANVS,5.29,8.3,-0.15,2.0
812,2024-5-13,SHIM,3.700000047683716,1.74,-0.54,4.0
813,2024-5-13,LUCD,0.95,0.9502,-0.15,4.0
814,2024-5-13,TERN,5.46999979019165,5.9,0.42,3.0
815,2024-5-13,APGE,54.540000915527344,50.31,0.54,4.0
816,2024-5-13,QUIK,14.0,12.19,-0.38,3.0
817,2024-5-13,LMFA,2.390000104904175,2.99,-0.58,1.0
818,2024-5-13,PBR,16.49,15.095,0.08,2.0
819,2024-5-13,XGN,1.74,1.91,0.46,3.0
820,2024-5-13,TME,13.57,15.44,0.5,2.0
821,2024-5-13,AKTS,0.5881,0.35,-0.46,2.0
822,2024-5-13,TMC,1.52,1.4,-0.23,3.0
823,2024-5-14,THRD,11.75,14.4,0.46,1.0
824,2024-5-14,MAPS,1.25,0.9823,-0.42,3.0
825,2024-5-14,RMTI,1.6100000143051147,1.8284,0.5,3.0
826,2024-5-14,SYRS,5.059999942779541,5.58,-0.38,3.0
827,2024-5-14,SE,65.88,73.03,0.23,2.0
828,2024-5-14,GALT,3.4600000381469727,3.13,-0.12,4.0
829,2024-5-14,VS,1.3799999952316284,1.46,0.65,2.0
830,2024-5-14,CYTH,1.5,1.42,-0.38,3.0
831,2024-5-14,CCLD,1.0399999618530273,2.66,0.62,3.0
832,2024-5-14,PED,0.98,1.0,0.23,2.0
833,2024-5-14,CMCT,3.119999885559082,3.06,-0.58,3.0
834,2024-5-14,PXLW,1.9,1.0999,-0.35,3.0
835,2024-5-14,CGEM,28.4,24.41,0.31,3.0
836,2024-5-14,TCS,0.912,0.7201,-0.19,3.0
837,2024-5-14,BWEN,2.2,3.9,-0.08,3.0
838,2024-5-14,MBOT,0.9799,1.02,-0.35,2.0
839,2024-5-14,EOSE,0.732,0.7003,-0.23,4.0
840,2024-5-14,BMTX,1.656999945640564,2.8406,0.12,3.0
841,2024-5-14,IBRX,8.04,7.02,0.54,3.0
842,2024-5-14,EVA,0.545,0.5999,0.38,3.0
843,2024-5-14,PASG,1.47,1.33,0.5,3.0
844,2024-5-14,LUNA,2.91,2.9994,-0.12,3.0
845,2024-5-14,NU,12.02,11.7201,0.15,3.0
846,2024-5-14,TSHA,2.62,3.07,-0.19,3.0
847,2024-5-14,CERE,42.529998779296875,42.0499,-0.27,3.0
848,2024-5-14,BOOT,104.75,114.99,0.58,3.0
849,2024-5-14,PAVM,2.2899999618530273,1.83,-0.58,1.0
850,2024-5-14,DPRO,0.2186,0.2601,0.23,2.0
851,2024-5-14,IOBT,1.559999942779541,1.38,-0.54,3.0
852,2024-5-14,LQDA,12.6,13.21,-0.27,2.0
853,2024-5-14,BCEL,0.09009999781847,0.09300000220537186,-0.04,3.0
854,2024-5-14,VRME,1.89,1.7793,0.12,4.0
855,2024-5-14,DLO,14.04,9.62,-0.42,4.0
856,2024-5-14,HD,342.29,337.99,-0.19,4.0
857,2024-5-14,BOLT,1.100000023841858,0.8,0.65,3.0
858,2024-5-14,LUNR,5.6,5.2,0.5,3.0
859,2024-5-14,PPSI,3.88,3.87,0.0,3.0
860,2024-5-14,DDD,3.75,3.67,0.0,4.0
861,2024-5-14,HBM,8.52,10.28,0.38,3.0
862,2024-5-14,BCAB,3.1,2.4996,-0.46,2.0
863,2024-5-14,CLLS,2.98,2.97,0.31,3.0
864,2024-5-14,MTA,2.97,3.45,0.08,3.0
865,2024-5-14,BCDA,0.3930000066757202,0.4,0.04,3.0
866,2024-5-14,DHT,11.7,12.74,0.46,3.0
867,2024-5-14,IPHA,2.4800000190734863,2.85,0.46,2.0
868,2024-5-14,SCPH,4.760000228881836,4.13,-0.62,4.0
869,2024-5-14,NVTAQ,9.999999974752427e-07,0.0019000000320374966,-0.54,3.0
870,2024-5-14,BABA,79.8,88.375,0.65,5.0
871,2024-5-14,MURA,3.7699999809265137,3.75,-0.33,3.0
872,2024-5-14,ACET,1.69,1.68,-0.58,3.0
873,2024-5-14,VINC,0.8299,0.6988,-0.54,3.0
874,2024-5-14,ALVR,0.7910000085830688,0.7689,-0.65,3.0
875,2024-5-14,RUM,6.8807,7.38,0.5,3.0
876,2024-5-14,FENC,9.1899995803833,7.12,0.46,4.0
877,2024-5-14,ENVB,0.9541,0.8201,-0.54,2.0
878,2024-5-14,SBIG,0.1500999927520752,0.1599999964237213,0.54,3.0
879,2024-5-14,NMM,44.22999954223633,48.85,0.58,2.0
880,2024-5-14,CABA,12.90999984741211,12.98,-0.5,4.0
881,2024-5-14,CLRB,3.33,3.17,-0.38,3.0
882,2024-5-14,KOD,3.92,3.18,0.12,3.0
883,2024-5-14,BIVI,0.497,0.48,-0.54,3.0
884,2024-5-14,BRTX,1.44,1.27,-0.54,2.0
885,2024-5-14,TCEHY,46.720001220703125,50.28,0.65,3.0
886,2024-5-14,EARN,7.15,7.15,0.58,3.0
887,2024-5-14,NRXP,2.99,4.01,-0.35,3.0
888,2024-5-14,GLTO,0.7099999785423279,0.6359,-0.5,3.0
889,2024-5-14,UOVEY,44.599998474121094,44.87,0.27,3.0
890,2024-5-14,INBX,34.29999923706055,34.46,-0.35,4.0
891,2024-5-14,TKC,6.409999847412109,6.55,-0.15,3.0
892,2024-5-14,SDRL,50.83,52.19,0.46,3.0
893,2024-5-14,OVID,3.0,3.14,-0.62,3.0
894,2024-5-14,PPBT,0.54,0.585,-0.42,3.0
895,2024-5-14,ACRV,8.739999771118164,8.55,0.04,3.0
896,2024-5-14,CADL,8.88,12.19,0.5,3.0
897,2024-5-14,GANX,2.85,2.55,-0.54,3.0
898,2024-5-14,AIRC,38.630001068115234,38.64,0.54,4.0
899,2024-5-14,ANEB,3.109999895095825,2.15,-0.62,3.0
900,2024-5-14,DRCT,4.94,3.73,-0.35,5.0
901,2024-5-14,FORA,2.789900064468384,2.669,-0.54,4.0
902,2024-5-14,BTI,29.85,31.4,0.42,3.0
903,2024-5-14,ALIM,3.68,3.16,-0.54,3.0
904,2024-5-14,CSWC,26.665,26.5,0.42,3.0
905,2024-5-14,REE,4.300000190734863,5.29,0.38,2.0
906,2024-5-14,IGT,19.85,20.71,-0.46,3.0
907,2024-5-14,TOI,0.98,0.6294,-0.62,2.0
908,2024-5-14,CRDL,2.12,2.1795,0.5,2.0
909,2024-5-14,VOD,8.59,9.81,0.42,4.0
910,2024-5-14,NXT,46.96,44.26,-0.38,4.0
911,2024-5-14,ARQT,7.95,9.3,-0.38,2.0
912,2024-5-14,SILV,8.4,9.49,0.35,2.0
913,2024-5-14,ABOS,3.66,3.71,-0.5,2.0
914,2024-5-14,ORGN,0.9975,0.94,0.38,2.0
915,2024-5-14,VTSI,17.0794,9.87,0.46,2.0
916,2024-5-14,AVRO,1.25,1.36,0.54,3.0
917,2024-5-14,SLGL,0.8100000023841858,0.705,-0.42,3.0
918,2024-5-14,IRIX,2.825000047683716,2.7,0.65,4.0
919,2024-5-14,ISUN,0.1344,0.1295,-0.46,3.0
920,2024-5-14,AVIR,4.0,3.5,0.62,3.0
921,2024-5-14,IPW,0.525,2.09,0.58,3.0
922,2024-5-14,AREC,1.3,1.3,-0.5,5.0
923,2024-5-14,ICMB,3.200000047683716,3.25,0.15,3.0
924,2024-5-14,GSM,5.420000076293945,6.16,0.46,3.0
925,2024-5-14,IMNM,15.81,14.2,0.0,3.0
926,2024-5-14,ANTX,2.5,2.23,-0.54,2.0
927,2024-5-14,JACK,55.49,54.72,-0.38,3.0
928,2024-5-14,SNAL,0.97,0.9249,-0.65,5.0
929,2024-5-14,ABSI,5.46,4.6,0.42,3.0
930,2024-5-14,LLAP,1.11,1.01,-0.42,3.0
931,2024-5-14,ATHA,1.9688,2.44,0.15,3.0
932,2024-5-14,DARE,0.31,0.61,-0.12,2.0
933,2024-5-14,DMTK,0.65,0.3548,-0.31,4.0
934,2024-5-14,BLTE,42.77000045776367,45.16,0.35,3.0
935,2024-5-14,KOPN,0.9057,0.86,-0.5,4.0
936,2024-5-14,SDCCQ,0.0024999999441206455,0.0010999999940395355,-0.42,3.0
937,2024-5-14,MAIA,3.31,3.33,0.38,3.0
938,2024-5-14,OPRX,10.6899995803833,13.08,-0.35,2.0
939,2024-5-14,SLS,1.33,1.5,0.35,3.0
940,2024-5-14,ATAI,2.085,1.76,-0.19,3.0
941,2024-5-14,ATNM,8.84,9.69,0.58,3.0
942,2024-5-14,NMG,2.0418,2.08,0.0,3.0
943,2024-5-14,SLN,21.9,23.35,-0.42,3.0
944,2024-5-14,IE,11.0,12.44,0.35,1.0
945,2024-5-14,ASXC,0.247,0.2499,0.04,3.0
946,2024-5-14,DDS,450.0,435.85,0.58,3.0
947,2024-5-14,CTXR,0.69,0.6587,-0.54,3.0
948,2024-5-14,BTCS,1.57,1.72,0.19,2.0
949,2024-5-14,VEOEY,15.369999885559082,16.674999237060547,0.42,4.0
950,2024-5-14,GNFT,3.5,4.0,0.42,3.0
951,2024-5-14,HYFM,0.9003,0.8499,-0.04,3.0
952,2024-5-14,RZLT,3.28,2.9,0.0,3.0
953,2024-5-14,ELYS,0.12794999778270721,0.16373500227928162,0.35,3.0
954,2024-5-14,AKLI,0.4175,0.4017,0.42,3.0
955,2024-5-14,SKYH,10.390000343322754,11.6,0.58,3.0
956,2024-5-14,NSPR,2.069999933242798,2.2,0.31,3.0
957,2024-5-14,ALDX,4.150000095367432,4.11,-0.58,2.0
958,2024-5-14,SONM,0.5599,0.534,0.08,3.0
959,2024-5-14,OXLC,5.16,5.54,0.27,3.0
960,2024-5-14,PSTX,2.9,3.36,0.23,3.0
961,2024-5-14,MCRB,1.19,0.95,0.08,3.0
962,2024-5-14,INKT,0.9728,1.03,0.31,2.0
963,2024-5-14,BLIN,1.190000057220459,1.19,0.38,3.0
964,2024-5-14,PYXS,4.4392,4.17,-0.27,2.0
965,2024-5-14,WKHS,0.2,0.2318,-0.27,3.0
966,2024-5-14,XP,22.62,21.65,-0.15,4.0
967,2024-5-14,PBH,70.08000183105469,64.7,0.38,2.0
968,2024-5-14,NNOX,9.5,9.8493,0.58,3.0
969,2024-5-14,CIG,2.63,2.6098,0.42,3.0
970,2024-5-14,SONY,82.81,84.45,-0.38,3.0
971,2024-5-14,SRFM,0.4255,0.409,-0.15,3.0
972,2024-5-14,EYEN,0.91,0.7252,-0.08,3.0
973,2024-5-14,CGAU,6.38,7.34,0.38,3.0
974,2024-5-14,TFPM,16.25,17.21,0.38,2.0
975,2024-5-14,OCGN,1.59,1.92,0.62,3.0
976,2024-5-14,AMTX,4.41,3.84,-0.31,3.0
977,2024-5-15,THRD,11.930000305175781,15.99,0.65,1.0
978,2024-5-15,MAPS,1.17,0.9513,-0.31,3.0
979,2024-5-15,GRAB,3.48,3.7207,0.58,3.0
980,2024-5-15,GALT,3.3499999046325684,3.23,-0.23,4.0
981,2024-5-15,VS,1.49,1.43,0.46,2.0
982,2024-5-15,CYTH,1.5299999713897705,1.36,-0.23,3.0
983,2024-5-15,DADA,2.0,1.87,-0.46,2.0
984,2024-5-15,PED,0.9841,0.9881,0.08,2.0
985,2024-5-15,CMCT,3.009999990463257,3.065,-0.62,3.0
986,2024-5-15,CRLBF,2.0,2.069999933242798,-0.31,3.0
987,2024-5-15,SMFG,11.45,12.6,0.62,3.0
988,2024-5-15,OMER,3.74,3.36,0.65,2.0
989,2024-5-15,CGEM,29.29,23.16,0.38,3.0
990,2024-5-15,NOTV,4.8,2.14,-0.65,3.0
991,2024-5-15,MBOT,0.9736,0.99,-0.23,2.0
992,2024-5-15,BMTX,1.7699999809265137,2.91,0.15,3.0
993,2024-5-15,IBRX,8.45,6.77,0.62,3.0
994,2024-5-15,EVA,0.547,0.6278,0.38,3.0
995,2024-5-15,EDRY,20.559999465942383,22.0449,0.5,3.0
996,2024-5-15,LUNA,2.83,3.02,0.12,3.0
997,2024-5-15,KARO,27.959999084472656,29.39,0.08,3.0
998,2024-5-15,CERE,42.20000076293945,41.9,0.19,3.0
999,2024-5-15,LVTX,3.0,2.88,-0.12,3.0
1000,2024-5-15,KULR,0.4592,0.39,-0.19,2.0
1001,2024-5-15,BCEL,0.09049999713897705,0.09200000017881393,-0.04,3.0
1002,2024-5-15,SGRP,1.77,2.22,0.46,3.0
1003,2024-5-15,DT,47.23,48.28,0.19,4.0
1004,2024-5-15,PPSI,3.86,3.83,-0.12,4.0
1005,2024-5-15,LGO,1.6299999952316284,1.81,0.15,3.0
1006,2024-5-15,DDD,3.68,3.61,0.19,5.0
1007,2024-5-15,STRR,0.9,0.89,-0.42,3.0
1008,2024-5-15,CLLS,3.0,2.95,0.54,3.0
1009,2024-5-15,MTA,3.0,3.45,-0.31,3.0
1010,2024-5-15,SLE,1.3401,1.4,0.15,5.0
1011,2024-5-15,IPHA,2.559999942779541,3.33,0.58,2.0
1012,2024-5-15,NVTAQ,0.00039999998989515007,0.0019000000320374966,0.08,3.0
1013,2024-5-15,ALVR,0.8,0.7991,-0.31,3.0
1014,2024-5-15,UCL,1.3799999952316284,1.4803,0.46,5.0
1015,2024-5-15,ENVB,0.9279,0.803,-0.58,2.0
1016,2024-5-15,PHGE,0.366,0.3308,-0.27,4.0
1017,2024-5-15,QMCI,0.19009999930858612,0.2090499997138977,-0.42,2.0
1018,2024-5-15,CABA,12.630000114440918,12.65,-0.46,4.0
1019,2024-5-15,PDSB,3.7505,3.6207,-0.27,3.0
1020,2024-5-15,XELB,0.7799999713897705,0.6801,-0.31,3.0
1021,2024-5-15,KOD,3.84,3.28,0.15,3.0
1022,2024-5-15,RSKD,5.24,6.19,0.62,3.0
1023,2024-5-15,BIVI,0.4891,0.465,0.0,3.0
1024,2024-5-15,GLTO,0.7099999785423279,0.6131,-0.38,3.0
1025,2024-5-15,ACXP,1.92,2.8,0.0,4.0
1026,2024-5-15,INBX,34.13,34.24,-0.27,4.0
1027,2024-5-15,OTLK,8.2301,7.87,-0.46,2.0
1028,2024-5-15,TKC,6.57,7.03,-0.31,3.0
1029,2024-5-15,PPBT,0.51,0.5999,-0.38,3.0
1030,2024-5-15,DOLE,12.44,13.1575,0.35,3.0
1031,2024-5-15,AIRC,38.8,38.92,0.5,4.0
1032,2024-5-15,ANEB,3.0299999713897705,2.11,-0.62,3.0
1033,2024-5-15,DRCT,4.53,3.47,-0.38,5.0
1034,2024-5-15,YSG,4.43,4.48,0.38,3.0
1035,2024-5-15,FORA,2.5999999046325684,2.73,0.23,5.0
1036,2024-5-15,BTI,30.55,31.49,0.54,3.0
1037,2024-5-15,DRIO,1.55,1.81,0.35,1.0
1038,2024-5-15,MMYT,71.5,81.99,0.58,1.0
1039,2024-5-15,EONGY,13.8725004196167,13.78499984741211,0.5,4.0
1040,2024-5-15,AQMS,0.485,0.4303,-0.38,3.0
1041,2024-5-15,REE,4.2,5.15,0.12,2.0
1042,2024-5-15,LFWD,4.71999979019165,5.07,0.35,1.0
1043,2024-5-15,QIPT,4.0,3.2594,0.23,3.0
1044,2024-5-15,BITF,1.84,1.9,-0.46,3.0
1045,2024-5-15,CRDL,2.1,2.19,0.35,2.0
1046,2024-5-15,CELC,17.75,16.51,0.0,3.0
1047,2024-5-15,AVRO,1.25,1.38,0.19,3.0
1048,2024-5-15,SLGL,0.75,0.7997,-0.5,3.0
1049,2024-5-15,CWCO,27.93,29.69,0.62,3.0
1050,2024-5-15,ISUN,0.1314,0.127,-0.46,3.0
1051,2024-5-15,ONDS,0.8299999833106995,0.7293,0.0,4.0
1052,2024-5-15,AREC,1.3,1.2997,-0.46,5.0
1053,2024-5-15,ARCO,11.45,10.51,0.46,3.0
1054,2024-5-15,SOWG,10.050000190734863,18.82,0.0,3.0
1055,2024-5-15,PTN,2.08,2.09,0.23,3.0
1056,2024-5-15,JOB,0.3244,0.369,-0.38,3.0
1057,2024-5-15,BEEM,6.5,5.93,-0.38,4.0
1058,2024-5-15,CATX,1.8,1.6,0.42,3.0
1059,2024-5-15,SNAL,0.9586,0.88,-0.58,5.0
1060,2024-5-15,CSCO,47.44,46.93,0.31,4.0
1061,2024-5-15,IREN,4.98,7.469,-0.35,2.0
1062,2024-5-15,KORE,0.9393,0.7552,-0.12,3.0
1063,2024-5-15,ZTO,20.5,24.41,0.46,4.0
1064,2024-5-15,ICCM,1.18,1.07,-0.54,3.0
1065,2024-5-15,ATHA,2.17,2.59,-0.15,3.0
1066,2024-5-15,NCNA,4.01,3.46,-0.08,3.0
1067,2024-5-15,CHEK,2.200000047683716,2.23,-0.42,3.0
1068,2024-5-15,SDCCQ,0.0020000000949949026,0.0013000000035390258,-0.5,3.0
1069,2024-5-15,MAIA,3.41,3.69,0.15,3.0
1070,2024-5-15,ATAI,2.1,1.72,-0.27,3.0
1071,2024-5-15,ATNM,8.85,9.2,0.62,3.0
1072,2024-5-15,BRFH,1.92,1.5,0.38,3.0
1073,2024-5-15,NMG,2.12,2.255,-0.04,3.0
1074,2024-5-15,IE,11.47,11.99,0.58,3.0
1075,2024-5-15,REKR,1.85,1.56,-0.42,3.0
1076,2024-5-15,DDS,434.5,444.86,0.65,3.0
1077,2024-5-15,ARBK,1.3497,1.43,-0.38,3.0
1078,2024-5-15,MEEC,0.7749999761581421,0.8450000286102295,-0.5,3.0
1079,2024-5-15,BTCS,1.5094,1.77,-0.04,2.0
1080,2024-5-15,JD,31.95,33.24,0.58,3.0
1081,2024-5-15,GNFT,3.590100049972534,4.1,0.46,3.0
1082,2024-5-15,RZLT,2.81,4.43,-0.15,4.0
1083,2024-5-15,ASTS,2.32,4.67,0.27,3.0
1084,2024-5-15,ELYS,0.1396999955177307,0.1599999964237213,0.15,3.0
1085,2024-5-15,ALDX,4.1796,3.94,0.42,2.0
1086,2024-5-15,MUFG,10.1,9.99,0.62,3.0
1087,2024-5-15,WKHS,0.1943,0.2199,0.19,3.0
1088,2024-5-15,MAXN,2.26,2.7389,0.35,3.0
1089,2024-5-15,XP,21.83,20.69,-0.12,4.0
1090,2024-5-15,GTEC,1.559999942779541,1.54,-0.35,3.0
1091,2024-5-15,NNOX,9.6,9.13,0.58,3.0
1092,2024-5-15,SSYS,9.8091,9.26,-0.08,4.0
1093,2024-5-15,EYEN,0.801,0.759,-0.04,3.0
1094,2024-5-15,AMTX,4.05,3.75,-0.04,3.0
1095,2024-5-15,MNDY,195.65,240.66,-0.35,3.0
1096,2024-5-16,DXC,19.8,16.23,0.0,4.0
1097,2024-5-16,CYTH,1.5499999523162842,1.29,-0.62,3.0
1098,2024-5-16,CMCT,3.0999999046325684,3.05,-0.46,4.0
1099,2024-5-16,GOOS,11.420000076293945,13.78,0.62,2.0
1100,2024-5-16,WMS,168.2,176.75,0.38,3.0
1101,2024-5-16,GORV,4.0,3.7,-0.35,2.0
1102,2024-5-16,WMT,60.25,65.25,0.65,3.0
1103,2024-5-16,TTWO,149.33,150.61,-0.04,2.0
1104,2024-5-16,AMAT,206.8,220.48,0.38,3.0
1105,2024-5-16,UAA,6.68,6.9,-0.54,4.0
1106,2024-5-16,LGO,1.55,1.77,0.31,3.0
1107,2024-5-16,SLE,1.3200000524520874,1.26,-0.58,4.0
1108,2024-5-16,BIDU,109.96,102.5,0.38,4.0
1109,2024-5-16,SGML,17.45,16.9,0.46,2.0
1110,2024-5-16,GAMB,9.4698,8.09,-0.65,3.0
1111,2024-5-16,DOCS,24.37,28.08,-0.46,3.0
1112,2024-5-16,ECO,33.0,35.07,0.5,3.0
1113,2024-5-16,BPTH,2.65,2.12,-0.38,2.0
1114,2024-5-16,MITK,13.52,12.6,0.42,5.0
1115,2024-5-16,LSPD,13.5692,14.46,0.38,2.0
1116,2024-5-16,GSL,23.57,27.36,0.65,3.0
1117,2024-5-16,JOB,0.3191,0.356,-0.58,3.0
1118,2024-5-16,DE,404.87,386.2,-0.27,3.0
1119,2024-5-16,FLO,25.25,24.31,0.5,3.0
1120,2024-5-16,GLOB,190.5,170.0,-0.46,3.0
1121,2024-5-16,MGIC,12.389800071716309,10.57,-0.27,3.0
1122,2024-5-16,IQ,4.95,4.95,0.65,3.0
1123,2024-5-16,DDS,423.4,439.99,0.04,3.0
1124,2024-5-16,MEEC,0.7998999953269958,0.8299000263214111,-0.08,3.0
1125,2024-5-16,JD,32.2,32.6009,0.54,3.0
1126,2024-5-16,CPRT,55.42,53.95,-0.35,2.0
1127,2024-5-16,SOPA,2.02,1.8109,-0.62,3.0
1128,2024-5-16,LMFA,2.5799999237060547,3.61,0.58,2.0
1129,2024-5-16,GTEC,1.4900000095367432,1.52,-0.08,3.0
1130,2024-5-16,AGRO,11.34000015258789,10.0125,-0.08,1.0
1131,2024-5-17,MAPS,1.23,0.88,-0.23,3.0
1132,2024-5-17,VS,1.375,1.3633,0.65,2.0
1133,2024-5-17,PED,1.0,0.96,0.27,1.0
1134,2024-5-17,MBOT,0.8766,1.09,-0.08,2.0
1135,2024-5-17,CAN,0.9141,1.01,0.31,3.0
1136,2024-5-17,IBRX,8.04,6.64,0.23,3.0
1137,2024-5-17,EVA,0.55,0.617,0.15,3.0
1138,2024-5-17,EDRY,21.733800888061523,20.95,0.46,3.0
1139,2024-5-17,NTBL,1.49,0.81,-0.58,2.0
1140,2024-5-17,IINN,1.99,2.2099,0.62,3.0
1141,2024-5-17,LUNA,2.77,2.96,0.15,3.0
1142,2024-5-17,CERE,42.20000076293945,41.63,0.58,3.0
1143,2024-5-17,LVTX,3.140000104904175,2.64,-0.35,3.0
1144,2024-5-17,FTCHF,0.0006000000284984708,0.0007999999797903001,-0.38,3.0
1145,2024-5-17,PLCE,11.19,11.51,0.31,4.0
1146,2024-5-17,BCEL,0.09009999781847,0.09009999781847,-0.38,3.0
1147,2024-5-17,PPSI,4.16,3.7,-0.38,3.0
1148,2024-5-17,DDD,3.85,3.48,-0.12,5.0
1149,2024-5-17,STRR,0.9448,0.91,-0.65,3.0
1150,2024-5-17,CLLS,3.1,2.84,0.46,3.0
1151,2024-5-17,NVTAQ,0.0020000000949949026,0.0007999999797903001,-0.58,3.0
1152,2024-5-17,ALVR,0.83,0.746,-0.38,3.0
1153,2024-5-17,XELB,0.739,0.68,-0.5,3.0
1154,2024-5-17,BIVI,0.49,0.4728,-0.08,3.0
1155,2024-5-17,HTHT,40.33000183105469,36.82,0.54,1.0
1156,2024-5-17,GLTO,0.7396,0.6321,-0.58,3.0
1157,2024-5-17,INBX,34.69,34.19,0.31,4.0
1158,2024-5-17,PPBT,0.5325,0.8076,-0.54,3.0
1159,2024-5-17,AIRC,38.619998931884766,38.67,0.42,4.0
1160,2024-5-17,DRCT,4.0,3.44,-0.42,5.0
1161,2024-5-17,FORA,2.77,2.67,-0.23,5.0
1162,2024-5-17,BTI,30.4,30.9,0.46,3.0
1163,2024-5-17,REE,4.130000114440918,4.97,0.42,2.0
1164,2024-5-17,AVRO,1.2599999904632568,1.41,0.65,3.0
1165,2024-5-17,SLGL,0.7498000264167786,0.7773,-0.38,3.0
1166,2024-5-17,ISUN,0.1672,0.10700000077486038,0.0,3.0
1167,2024-5-17,AREC,1.32,1.26,-0.62,5.0
1168,2024-5-17,BEEM,6.25,6.29,0.04,4.0
1169,2024-5-17,MANU,15.59,16.5,0.35,3.0
1170,2024-5-17,ICCM,1.1699,1.07,-0.65,3.0
1171,2024-5-17,CHEK,2.190000057220459,2.3,-0.08,3.0
1172,2024-5-17,SDCCQ,0.001500000013038516,0.002300000051036477,-0.58,3.0
1173,2024-5-17,MAIA,2.87,3.79,0.58,3.0
1174,2024-5-17,AUTL,4.159999847412109,3.87,-0.19,3.0
1175,2024-5-17,XPL,0.7815,0.8401,0.62,3.0
1176,2024-5-17,ATNM,8.9,8.42,0.42,3.0
1177,2024-5-17,IE,12.03,11.26,0.42,3.0
1178,2024-5-17,ARBK,1.38,1.37,-0.5,3.0
1179,2024-5-17,ELYS,0.14970000088214874,0.15647000074386597,0.12,3.0
1180,2024-5-17,ALDX,3.94,3.77,0.31,2.0
1181,2024-5-17,WKHS,0.2105,0.1991,0.27,3.0
1182,2024-5-17,XP,21.67,18.8,-0.27,4.0
1183,2024-5-17,DSX,3.1699,3.1,0.35,4.0
1184,2024-5-17,NNOX,10.15,8.7,0.19,3.0
1185,2024-5-17,SSYS,9.5,9.0,-0.35,4.0
1186,2024-5-17,AMTX,4.11,3.44,-0.58,3.0
1187,2024-5-20,PANW,297.51,321.41,0.54,2.0
1188,2024-5-20,ZM,62.07,63.04,0.12,3.0
1189,2024-5-20,NEXN,5.9,6.18,0.54,5.0
1190,2024-5-20,IMVT,29.39,29.0,0.35,2.0
1191,2024-5-20,GLSI,13.710000038146973,13.4,0.42,3.0
1192,2024-5-20,NDSN,279.2900085449219,238.73,0.31,4.0
1193,2024-5-20,STRR,0.8999999761581421,0.9,-0.65,3.0
1194,2024-5-20,PETS,4.18,4.18,0.08,3.0
1195,2024-5-20,NAT,4.14,4.24,0.41,3.0
1196,2024-5-20,XELB,0.7174999713897705,0.6998,-0.5,3.0
1197,2024-5-20,TRNS,117.0999984741211,134.51,0.5,5.0
1198,2024-5-20,TCOM,53.79,52.75,0.46,4.0
1199,2024-5-20,CGEN,1.9951,2.37,0.27,3.0
1200,2024-5-20,QFIN,20.76,19.99,0.54,1.0
1201,2024-5-20,STAF,0.26499998569488525,0.331,0.27,3.0
1202,2024-5-20,TUYA,1.86,1.99,0.54,3.0
1203,2024-5-20,RYAAY,130.32,122.64,-0.46,3.0
1204,2024-5-20,GLBE,29.69,29.42,-0.65,3.0
1205,2024-5-20,BEEM,6.2896,6.23,0.04,4.0
1206,2024-5-20,KEYS,150.21,144.06,0.58,3.0
1207,2024-5-20,EH,17.26,16.09,0.54,3.0
1208,2024-5-20,WIX,123.99,169.61,0.35,3.0
1209,2024-5-20,LI,26.8,20.39,-0.58,5.0
1210,2024-5-20,SOHU,11.819999694824219,12.11,0.54,3.0
1211,2024-5-21,MAPS,1.1,0.8905,-0.38,3.0
1212,2024-5-21,VS,1.41,1.32,0.31,2.0
1213,2024-5-21,TOL,126.46,122.81,0.54,3.0
1214,2024-5-21,IMVT,28.72,29.0,-0.12,2.0
1215,2024-5-21,MBOT,0.92,1.02,0.08,2.0
1216,2024-5-21,XPEV,7.98,8.16,0.31,3.0
1217,2024-5-21,GLSI,13.369999885559082,13.4,-0.27,3.0
1218,2024-5-21,IBRX,8.62,6.59,-0.23,3.0
1219,2024-5-21,EVA,0.5794,0.6099,0.35,3.0
1220,2024-5-21,EDRY,21.649999618530273,21.6,0.35,3.0
1221,2024-5-21,NTBL,1.1,0.7722,-0.46,2.0
1222,2024-5-21,IINN,2.03,2.29,0.38,3.0
1223,2024-5-21,LUNA,2.74,3.05,0.04,3.0
1224,2024-5-21,CERE,42.89,41.33,-0.31,3.0
1225,2024-5-21,LVTX,3.16,2.64,-0.15,3.0
1226,2024-5-21,FTCHF,0.0005000000237487257,0.0010000000474974513,-0.35,3.0
1227,2024-5-21,LOW,233.39,215.2,-0.54,3.0
1228,2024-5-21,PLCE,11.99,13.22,0.0,4.0
1229,2024-5-21,BCEL,0.09019999951124191,0.09591999650001526,0.19,3.0
1230,2024-5-21,PPSI,3.99,3.91,-0.38,3.0
1231,2024-5-21,DDD,3.69,3.51,-0.58,5.0
1232,2024-5-21,PETS,4.72,4.18,-0.42,3.0
1233,2024-5-21,CLLS,2.9700000286102295,2.9,0.23,3.0
1234,2024-5-21,ALVO,11.53,14.25,0.38,3.0
1235,2024-5-21,EXAI,4.91,4.83,-0.38,4.0
1236,2024-5-21,NVTAQ,0.00039999998989515007,0.0007999999797903001,-0.58,3.0
1237,2024-5-21,ALVR,0.795,0.757,0.31,3.0
1238,2024-5-21,PHGE,0.334,0.37,0.23,4.0
1239,2024-5-21,BIVI,0.49,0.4465,-0.42,3.0
1240,2024-5-21,GLTO,0.6701,0.6299,-0.54,3.0
1241,2024-5-21,VNET,1.84,1.83,0.08,2.0
1242,2024-5-21,INBX,34.099998474121094,34.14,-0.31,4.0
1243,2024-5-21,PPBT,0.5015,0.7449,0.08,3.0
1244,2024-5-21,AIRC,38.48,38.8,0.5,4.0
1245,2024-5-21,DRCT,4.075,3.24,-0.5,5.0
1246,2024-5-21,BTI,30.98,30.58,0.5,4.0
1247,2024-5-21,ZIM,19.0,20.95,0.35,3.0
1248,2024-5-21,AVRO,1.34,1.51,0.31,3.0
1249,2024-5-21,AZO,2937.92,2799.0,-0.42,3.0
1250,2024-5-21,ISUN,0.1315,0.0812,-0.58,3.0
1251,2024-5-21,AREC,1.32,1.26,-0.5,5.0
1252,2024-5-21,BEEM,6.25,6.23,-0.62,4.0
1253,2024-5-21,IVA,3.609999895095825,3.465,0.35,3.0
1254,2024-5-21,MANU,16.0,16.9,0.31,3.0
1255,2024-5-21,AS,14.61,14.99,-0.41,3.0
1256,2024-5-21,ICCM,1.13,1.0101,-0.35,3.0
1257,2024-5-21,CHEK,2.0,2.27,0.23,3.0
1258,2024-5-21,URBN,41.85,41.9,0.38,3.0
1259,2024-5-21,SDCCQ,0.001500000013038516,0.00279999990016222,-0.58,3.0
1260,2024-5-21,MAIA,2.98,3.84,0.58,3.0
1261,2024-5-21,ATNM,8.99,8.5,0.31,3.0
1262,2024-5-21,IE,12.3,11.75,0.38,3.0
1263,2024-5-21,ELYS,0.14110000431537628,0.14499999582767487,0.23,3.0
1264,2024-5-21,M,19.73,20.26,0.62,3.0
1265,2024-5-21,ALDX,3.6802,3.84,-0.19,2.0
1266,2024-5-21,VSAT,17.79,15.81,0.12,3.0
1267,2024-5-21,WKHS,0.184,0.2084,0.04,3.0
1268,2024-5-21,MOD,101.27,103.77,0.23,3.0
1269,2024-5-21,XP,22.29,19.06,-0.46,4.0
1270,2024-5-21,DSX,3.1886,3.16,0.42,4.0
1271,2024-5-21,AMTX,4.2,3.65,-0.54,3.0
1272,2024-5-22,SNPS,561.0,587.7,0.38,4.0
1273,2024-5-22,ADI,212.91,233.9,0.38,4.0
1274,2024-5-22,WSM,318.88,282.85,0.58,3.0
1275,2024-5-22,ENS,98.16,107.44,0.38,4.0
1276,2024-5-22,CVAC,3.13,3.6615,0.15,3.0
1277,2024-5-22,KC,3.39,2.91,-0.31,3.0
1278,2024-5-22,MDWD,17.899999618530273,17.79,0.0,4.0
1279,2024-5-22,SBLK,25.57,27.11,0.54,3.0
1280,2024-5-22,ZUO,10.2,9.58,0.08,3.0
1281,2024-5-22,GOGL,14.79,14.65,0.58,3.0
1282,2024-5-22,TGT,159.0,146.8,-0.46,3.0
1283,2024-5-22,VIPS,16.4,15.96,0.04,3.0
1284,2024-5-22,GES,27.13,24.5,-0.5,3.0
1285,2024-5-22,VFC,12.9285,12.35,-0.46,3.0
1286,2024-5-22,TJX,99.05,101.29,0.31,3.0
1287,2024-5-22,WOOF,2.08,3.43,0.19,3.0
1288,2024-5-22,GDS,8.54,7.65,0.27,3.0
1289,2024-5-22,BRC,61.150001525878906,68.3,0.08,3.0
1290,2024-5-22,NVDA,913.0,1148.29,0.46,2.0
1291,2024-5-22,API,2.7699999809265137,2.47,0.5,3.0
1292,2024-5-22,RAMP,33.01,31.2,-0.5,3.0
1293,2024-5-22,TBBB,23.76,26.8,0.23,4.0
1294,2024-5-22,SNOW,160.01,150.84,0.12,2.0
1295,2024-5-22,PLAB,29.2,26.4,-0.23,3.0
1296,2024-5-22,ARBE,1.66,1.87,0.15,3.0
1297,2024-5-22,SQM,49.51,49.51,-0.31,5.0
1298,2024-5-22,AFMD,5.269999980926514,4.07,-0.54,3.0
1299,2024-5-22,ELF,161.61,192.83,-0.27,3.0
1300,2024-5-22,CAAP,18.25,18.52,0.35,5.0
1301,2024-5-22,PDD,138.76,149.93,0.35,1.0
1302,2024-5-22,PLUS,80.0,74.5,-0.27,3.0
1303,2024-5-23,DOMO,7.33,6.51,-0.5,4.0
1304,2024-5-23,CALT,22.22,37.82,0.38,3.0
1305,2024-5-23,SOTK,4.820000171661377,4.7452,0.23,3.0
1306,2024-5-23,PSNY,1.35,0.7399,-0.65,4.0
1307,2024-5-23,VIOT,0.81,0.795,0.38,3.0
1308,2024-5-23,DAVA,30.6,28.5,-0.42,4.0
1309,2024-5-23,BJ,78.51,85.0,0.38,3.0
1310,2024-5-23,CLBT,11.7,10.8283,0.5,2.0
1311,2024-5-23,SCVL,36.06999969482422,37.36,0.08,3.0
1312,2024-5-23,SOL,1.95,1.7902,0.5,3.0
1313,2024-5-23,STEP,38.560001373291016,43.19,0.35,1.0
1314,2024-5-23,WB,9.67,8.79,-0.38,3.0
1315,2024-5-23,TD,57.0,54.61,-0.38,3.0
1316,2024-5-23,SVM,3.71,4.11,0.38,4.0
1317,2024-5-23,PAGS,12.9,11.58,0.54,3.0
1318,2024-5-23,DLTR,120.35,113.83,-0.58,3.0
1319,2024-5-23,FLNG,28.99,28.99,0.5,5.0
1320,2024-5-23,MDT,84.63,80.97,0.5,4.0
1321,2024-5-23,WDAY,251.0,209.9,0.04,2.0
1322,2024-5-23,INTU,656.44,595.48,0.35,2.0
1323,2024-5-23,BILI,15.76,13.6109,0.54,4.0
1324,2024-5-23,NTES,100.8,89.56,-0.42,3.0
1325,2024-5-23,KNOP,5.07,5.97,0.46,3.0
1326,2024-5-23,ADSK,220.85,207.82,-0.12,3.0
1327,2024-5-23,ARBK,1.4703,1.37,-0.12,3.0
1328,2024-5-23,CLIR,0.8001,0.8205,-0.58,3.0
1329,2024-5-23,BEKE,19.41,16.9,0.5,1.0
1330,2024-5-23,TITN,23.329999923706055,18.36,-0.31,3.0
1331,2024-5-23,NGG,73.16,58.6,0.46,3.0
1332,2024-5-23,ESEA,37.79999923706055,36.08,0.5,3.0
1333,2024-5-23,RL,167.01,181.29,0.58,3.0
1334,2024-5-23,MAXN,2.61,3.25,-0.04,3.0
1335,2024-5-23,DECK,906.0,1064.0,0.38,3.0
1336,2024-5-23,ROST,135.99,139.07,-0.08,3.0
1337,2024-5-24,HIBB,86.47,86.55,0.15,4.0
1338,2024-5-24,BIG,3.95,3.44,-0.46,4.0
1339,2024-5-24,ENLV,1.3,1.3499,-0.54,3.0
1340,2024-5-24,BAH,152.72,151.69,0.46,2.0
1341,2024-5-24,AAGIY,33.9900016784668,31.01,0.08,3.0
1342,2024-5-24,LOOP,2.7200000286102295,2.51,0.15,3.0
1343,2024-5-27,TKC,6.68,7.78,0.42,5.0
1344,2024-5-27,CAE,20.31999969482422,18.25,-0.46,4.0
1345,2024-5-27,ENLV,1.4,1.39,-0.42,3.0
1346,2024-5-27,XPL,0.9286,0.8811,0.42,3.0
1347,2024-5-28,YY,33.45,29.8799991607666,-0.35,3.0
1348,2024-5-28,VS,1.48,1.3021999597549438,0.31,2.0
1349,2024-5-28,IMVT,30.770000457763672,25.50749969482422,-0.42,2.0
1350,2024-5-28,HIBB,86.34,86.44999694824219,0.19,4.0
1351,2024-5-28,MBOT,0.992,1.3898999691009521,-0.08,2.0
1352,2024-5-28,GLSI,13.22,14.359999656677246,-0.15,2.0
1353,2024-5-28,IBRX,7.03,6.049099922180176,-0.19,2.0
1354,2024-5-28,EVA,0.62,0.5938000082969666,0.19,3.0
1355,2024-5-28,BOX,26.89,27.399999618530273,-0.62,3.0
1356,2024-5-28,NTBL,1.0307,0.9549999833106995,-0.5,2.0
1357,2024-5-28,IINN,2.3,2.180000066757202,0.46,3.0
1358,2024-5-28,LUNA,2.9991,3.490000009536743,0.12,3.0
1359,2024-5-28,CERE,42.029998779296875,40.3849983215332,-0.38,2.0
1360,2024-5-28,FTCHF,0.00139999995008111,0.0010000000474974513,-0.42,3.0
1361,2024-5-28,PLCE,13.94,13.789999961853027,0.31,4.0
1362,2024-5-28,BCEL,0.09799999743700027,0.08867999911308289,-0.58,3.0
1363,2024-5-28,VIOT,0.8500000238418579,0.8098000288009644,0.27,3.0
1364,2024-5-28,PPSI,3.8964,3.864000082015991,0.0,3.0
1365,2024-5-28,DDD,3.67,3.552999973297119,-0.42,5.0
1366,2024-5-28,CLLS,2.9,2.7300000190734863,0.0,3.0
1367,2024-5-28,BNS,48.15,46.859901428222656,0.54,3.0
1368,2024-5-28,NVTAQ,0.0005000000237487257,0.000699999975040555,-0.38,3.0
1369,2024-5-28,ALVR,0.76,0.7450000047683716,-0.5,3.0
1370,2024-5-28,BIVI,0.4727,0.4546000063419342,-0.46,3.0
1371,2024-5-28,GLTO,0.6349,0.6100000143051147,-0.38,3.0
1372,2024-5-28,INBX,34.439998626708984,16.860000610351562,-0.31,4.0
1373,2024-5-28,AIRC,38.64,38.68000030517578,0.54,4.0
1374,2024-5-28,DRCT,3.73,2.569999933242798,-0.35,3.0
1375,2024-5-28,BTI,31.38,31.19499969482422,0.0,4.0
1376,2024-5-28,AVRO,1.36,1.475000023841858,0.65,3.0
1377,2024-5-28,ISUN,0.135,0.07000000029802322,0.54,3.0
1378,2024-5-28,MOMO,6.07,5.46999979019165,-0.46,5.0
1379,2024-5-28,HEI,214.8,222.0500030517578,0.38,2.0
1380,2024-5-28,GLNG,27.149999618530273,26.010000228881836,0.62,3.0
1381,2024-5-28,FUTU,76.8,74.29000091552734,0.31,2.0
1382,2024-5-28,MANU,16.9,17.139999389648438,0.46,3.0
1383,2024-5-28,ICCM,1.0895,1.0449999570846558,-0.5,3.0
1384,2024-5-28,CHEK,2.21,2.244999885559082,0.38,3.0
1385,2024-5-28,ARDS,0.057999998331069946,0.05900000035762787,-0.12,3.0
1386,2024-5-28,DAC,85.86,97.87999725341797,0.58,3.0
1387,2024-5-28,SDCCQ,0.0010000000474974513,0.003000000026077032,0.19,3.0
1388,2024-5-28,MAIA,3.54,4.85099983215332,0.38,3.0
1389,2024-5-28,ADSK,220.46,212.14500427246094,-0.5,3.0
1390,2024-5-28,ATNM,9.52,8.085000038146973,0.15,3.0
1391,2024-5-28,CAVA,80.75,87.95999908447266,0.65,2.0
1392,2024-5-28,IE,11.83,10.789999961853027,0.42,3.0
1393,2024-5-28,AAGIY,32.70000076293945,30.450000762939453,-0.12,3.0
1394,2024-5-28,ELYS,0.15219999849796295,0.1589999943971634,0.19,3.0
1395,2024-5-28,ALDX,4.0,3.7100000381469727,-0.15,3.0
1396,2024-5-28,APPS,2.37,1.7999999523162842,-0.38,3.0
1397,2024-5-28,AFMD,5.19,8.199999809265137,-0.62,3.0
1398,2024-5-28,DSX,3.18,3.055000066757202,0.35,4.0
1399,2024-5-28,NNOX,9.9,8.34000015258789,-0.5,3.0
1400,2024-5-28,ESLT,198.27,194.0924072265625,-0.5,3.0
1401,2024-5-28,AMTX,3.7017,3.305000066757202,-0.35,3.0
1402,2024-5-29,GNPX,2.53,3.16129994392395,-0.58,2.0
1403,2024-5-29,AAP,70.79,66.51000213623047,-0.31,5.0
1404,2024-5-29,VS,1.4600000381469727,1.3021999597549438,0.5,2.0
1405,2024-5-29,PODC,1.899999976158142,2.002000093460083,0.17,3.0
1406,2024-5-29,ANF,145.0,174.00999450683594,0.5,2.0
1407,2024-5-29,IMVT,30.3,25.540000915527344,-0.58,2.0
1408,2024-5-29,NEXT,8.45,7.394999980926514,0.08,2.0
1409,2024-5-29,HIBB,86.34,86.44999694824219,0.31,4.0
1410,2024-5-29,MBOT,0.9873,1.3898999691009521,-0.08,2.0
1411,2024-5-29,GLSI,13.859999656677246,14.359999656677246,-0.15,2.0
1412,2024-5-29,SSL,7.48,6.329899787902832,-0.58,2.0
1413,2024-5-29,CRDO,18.89,24.850000381469727,0.62,3.0
1414,2024-5-29,IBRX,6.85,6.049099922180176,0.04,2.0
1415,2024-5-29,EVA,0.608,0.5938000082969666,0.38,3.0
1416,2024-5-29,NTBL,0.9622,0.9549999833106995,-0.42,2.0
1417,2024-5-29,IINN,2.18,2.180000066757202,-0.15,3.0
1418,2024-5-29,LUNA,3.1,3.490000009536743,0.31,3.0
1419,2024-5-29,DEO,139.3,135.14999389648438,-0.62,3.0
1420,2024-5-29,RRGB,7.03000020980835,8.274999618530273,-0.5,5.0
1421,2024-5-29,CERE,41.82,40.3849983215332,-0.35,2.0
1422,2024-5-29,MDWD,17.0,16.239999771118164,0.46,3.0
1423,2024-5-29,FTCHF,0.0010000000474974513,0.0010000000474974513,-0.46,3.0
1424,2024-5-29,PLCE,11.45,13.789999961853027,0.23,3.0
1425,2024-5-29,BCEL,0.10000000149011612,0.08867999911308289,0.19,3.0
1426,2024-5-29,VIOT,0.8100000023841858,0.8098000288009644,-0.08,3.0
1427,2024-5-29,PPSI,3.8399999141693115,3.864000082015991,0.15,3.0
1428,2024-5-29,DDD,3.59,3.552999973297119,0.08,5.0
1429,2024-5-29,NVTAQ,0.0006000000284984708,0.000699999975040555,0.12,3.0
1430,2024-5-29,NAT,4.39,4.114999771118164,0.41,4.0
1431,2024-5-29,PATH,19.91,11.760000228881836,-0.5,3.0
1432,2024-5-29,ALVR,0.7742,0.7450000047683716,-0.46,3.0
1433,2024-5-29,BMO,94.08000183105469,88.12999725341797,0.62,4.0
1434,2024-5-29,DKS,189.99,220.64999389648438,0.0,3.0
1435,2024-5-29,CRM,283.0,232.2100067138672,-0.46,3.0
1436,2024-5-29,GRRR,5.51,5.900000095367432,0.15,2.0
1437,2024-5-29,BIVI,0.4606,0.4546000063419342,-0.42,3.0
1438,2024-5-29,PSTG,59.91,59.5,0.62,3.0
1439,2024-5-29,GLTO,0.64,0.6100000143051147,-0.58,3.0
1440,2024-5-29,VNET,1.8899999856948853,2.190000057220459,0.0,2.0
1441,2024-5-29,ADAG,2.571199893951416,2.7799999713897705,-0.19,3.0
1442,2024-5-29,INBX,34.119998931884766,16.860000610351562,0.23,4.0
1443,2024-5-29,HPQ,32.7,35.40999984741211,0.54,3.0
1444,2024-5-29,A,153.56,131.90499877929688,0.15,3.0
1445,2024-5-29,AIRC,38.92,38.68000030517578,0.42,4.0
1446,2024-5-29,DRCT,3.5,2.569999933242798,-0.35,3.0
1447,2024-5-29,ANL,12.75,6.519999980926514,-0.58,2.0
1448,2024-5-29,BTI,31.53,31.209999084472656,-0.15,4.0
1449,2024-5-29,AMSC,15.16,20.359899520874023,0.38,3.0
1450,2024-5-29,ALLT,2.1310999393463135,2.140000104904175,0.62,3.0
1451,2024-5-29,AVRO,1.3600000143051147,1.475000023841858,0.35,3.0
1452,2024-5-29,ISUN,0.1321,0.07000000029802322,0.54,3.0
1453,2024-5-29,GP,1.2799999713897705,1.1799999475479126,-0.54,4.0
1454,2024-5-29,AI,26.15,29.43000030517578,-0.42,3.0
1455,2024-5-29,NTNX,72.51,53.459999084472656,0.54,1.0
1456,2024-5-29,DSGX,98.56999969482422,90.58000183105469,0.42,2.0
1457,2024-5-29,OKTA,102.12,87.83000183105469,-0.27,3.0
1458,2024-5-29,IMMX,2.39,2.0799999237060547,0.08,4.0
1459,2024-5-29,MANU,16.91,17.139999389648438,-0.15,3.0
1460,2024-5-29,OPT,3.309999942779541,2.609999895095825,-0.42,3.0
1461,2024-5-29,IMMP,3.2296,2.98,0.04,3.0
1462,2024-5-29,ABVX,14.18,13.529999732971191,-0.29,4.0
1463,2024-5-29,CHEK,2.16,2.244999885559082,0.0,3.0
1464,2024-5-29,ARDS,0.057999998331069946,0.05900000035762787,-0.23,3.0
1465,2024-5-29,CISO,0.8182,0.7020000219345093,-0.35,3.0
1466,2024-5-29,NCNO,31.68000030517578,30.200000762939453,-0.5,1.0
1467,2024-5-29,SDCCQ,0.001500000013038516,0.003000000026077032,0.35,3.0
1468,2024-5-29,CPRI,35.25,34.41999816894531,-0.46,4.0
1469,2024-5-29,MAIA,3.46,4.85099983215332,0.58,3.0
1470,2024-5-29,ADSK,220.48,212.14500427246094,-0.54,3.0
1471,2024-5-29,ATNM,8.84,8.085000038146973,-0.19,3.0
1472,2024-5-29,IE,12.0,10.789999961853027,0.12,3.0
1473,2024-5-29,AAGIY,31.700000762939453,30.450000762939453,0.04,3.0
1474,2024-5-29,ELYS,0.1525000035762787,0.1589999943971634,0.04,3.0
1475,2024-5-29,ALDX,4.0152,3.7100000381469727,-0.46,3.0
1476,2024-5-29,ACB,7.19,6.0100998878479,-0.19,3.0
1477,2024-5-29,CHWY,16.73,22.030000686645508,0.23,1.0
1478,2024-5-29,AEO,24.0,22.15999984741211,0.42,3.0
1479,2024-5-29,AFMD,5.099999904632568,8.199999809265137,-0.58,3.0
1480,2024-5-29,SSYS,9.5,8.640000343322754,-0.35,3.0
1481,2024-5-29,AMTX,3.62,3.305000066757202,-0.54,3.0
1482,2024-5-30,PD,19.98,18.950000762939453,-0.54,3.0
1483,2024-5-30,CGC,9.5,8.006699562072754,-0.38,2.0
1484,2024-5-30,MDB,369.36,237.52999877929688,-0.65,3.0
1485,2024-5-30,FRO,28.4,27.700000762939453,0.62,3.0
1486,2024-5-30,JWN,21.19,22.84000015258789,0.54,3.0
1487,2024-5-30,IBTA,103.5,85.22000122070312,0.46,3.0
1488,2024-5-30,ULTA,380.88,397.9200134277344,-0.42,3.0
1489,2024-5-30,DG,140.0,136.6300048828125,0.04,3.0
1490,2024-5-30,AMBA,51.47,55.79499816894531,0.23,3.0
1491,2024-5-30,VEEV,208.67,174.3800048828125,-0.38,3.0
1492,2024-5-30,GPS,20.98,30.1200008392334,-0.5,2.0
1493,2024-5-30,NTAP,115.0,117.48999786376953,0.62,3.0
1494,2024-5-30,BBY,71.05,85.70999908447266,-0.31,4.0
1495,2024-5-30,ESTC,108.5,100.37999725341797,-0.46,3.0
1496,2024-5-30,BBW,29.389999389648438,27.34000015258789,0.65,3.0
1497,2024-5-30,COST,804.04,812.469970703125,0.62,3.0
1498,2024-5-30,FL,22.98,27.889999389648438,0.15,3.0
1499,2024-5-30,GES,24.110000610351562,23.190000534057617,-0.54,3.0
1500,2024-5-30,COO,96.3499984741211,93.37999725341797,-0.54,3.0
1501,2024-5-30,S,22.36,17.155000686645508,-0.54,3.0
1502,2024-5-30,DELL,156.41,132.72019958496094,0.62,2.0
1503,2024-5-30,CAL,36.029998779296875,34.790000915527344,0.38,3.0
1504,2024-5-30,HRL,35.46,30.58930015563965,-0.31,3.0
1505,2024-5-30,BIRK,46.54999923706055,57.439998626708984,0.54,3.0
1506,2024-5-30,REE,5.06,4.30019998550415,0.38,3.0
1507,2024-5-30,ASAN,15.45,13.329999923706055,-0.62,3.0
1508,2024-5-30,ZS,173.51,167.85000610351562,-0.62,3.0
1509,2024-5-30,HCP,32.86,33.6349983215332,0.42,4.0
1510,2024-5-30,KSS,25.5,23.889999389648438,0.54,3.0
1511,2024-5-30,BURL,185.0,235.35499572753906,0.46,4.0
1512,2024-5-30,ROIV,11.48,10.694999694824219,-0.46,4.0
1513,2024-5-30,SPTN,21.0,19.850000381469727,-0.15,3.0
1514,2024-5-30,CM,48.529998779296875,49.7400016784668,0.23,3.0
1515,2024-5-30,PHR,22.75,18.969999313354492,-0.19,3.0
1516,2024-5-30,CONN,3.64,3.6500000953674316,-0.62,4.0
1517,2024-5-30,MRVL,76.18,67.21009826660156,0.58,2.0
1518,2024-5-30,RY,107.1,107.68000030517578,0.31,3.0
1519,2024-5-31,VS,1.37,1.3021999597549438,0.38,2.0
1520,2024-5-31,MBOT,1.05,1.3898999691009521,-0.23,2.0
1521,2024-5-31,GLSI,13.08,14.359999656677246,-0.19,2.0
1522,2024-5-31,IBRX,6.65,6.049099922180176,0.15,2.0
1523,2024-5-31,NTBL,0.7564,0.9549999833106995,-0.15,2.0
1524,2024-5-31,IINN,2.119999885559082,2.180000066757202,0.58,3.0
1525,2024-5-31,LUNA,2.96,3.490000009536743,0.31,3.0
1526,2024-5-31,CERE,41.52000045776367,40.3849983215332,-0.31,2.0
1527,2024-5-31,FTCHF,0.0010000000474974513,0.0010000000474974513,-0.38,3.0
1528,2024-5-31,PLCE,12.03,13.789999961853027,0.08,3.0
1529,2024-5-31,BCEL,0.09019999951124191,0.08867999911308289,-0.23,3.0
1530,2024-5-31,VIOT,0.7444000244140625,0.8098000288009644,0.31,3.0
1531,2024-5-31,PPSI,3.7799999713897705,3.864000082015991,-0.12,3.0
1532,2024-5-31,DDD,3.53,3.552999973297119,-0.35,5.0
1533,2024-5-31,NVTAQ,0.0005000000237487257,0.000699999975040555,-0.35,3.0
1534,2024-5-31,ALVR,0.7784000039100647,0.7450000047683716,-0.38,3.0
1535,2024-5-31,BIVI,0.4601,0.4546000063419342,-0.38,3.0
1536,2024-5-31,GLTO,0.6255999803543091,0.6100000143051147,-0.5,3.0
1537,2024-5-31,INBX,34.209999084472656,16.860000610351562,-0.35,4.0
1538,2024-5-31,AIRC,38.70000076293945,38.68000030517578,0.35,4.0
1539,2024-5-31,DRCT,3.29,2.569999933242798,-0.35,3.0
1540,2024-5-31,BTI,30.63,31.209999084472656,0.31,4.0
1541,2024-5-31,AVRO,1.45,1.475000023841858,0.46,3.0
1542,2024-5-31,ISUN,0.10999999940395355,0.07000000029802322,0.35,3.0
1543,2024-5-31,MANU,16.55,17.139999389648438,0.27,3.0
1544,2024-5-31,CHEK,2.25,2.244999885559082,0.23,3.0
1545,2024-5-31,ARDS,0.05400000140070915,0.05900000035762787,-0.08,3.0
1546,2024-5-31,SDCCQ,0.0020000000949949026,0.003000000026077032,0.08,3.0
1547,2024-5-31,MAIA,3.8,4.85099983215332,0.5,3.0
1548,2024-5-31,ADSK,214.42,212.14500427246094,-0.62,3.0
1549,2024-5-31,ATNM,8.3,8.085000038146973,-0.15,3.0
1550,2024-5-31,IE,11.25,10.789999961853027,0.5,3.0
1551,2024-5-31,AAGIY,30.899999618530273,30.450000762939453,-0.19,3.0
1552,2024-5-31,ELYS,0.164900004863739,0.1589999943971634,-0.65,3.0
1553,2024-5-31,ALDX,3.819999933242798,3.7100000381469727,-0.31,3.0
1554,2024-5-31,DOOO,67.02999877929688,63.52000045776367,-0.38,4.0
1555,2024-5-31,CONN,3.6449999809265137,3.6500000953674316,-0.54,4.0
1556,2024-5-31,AFMD,4.71,8.199999809265137,-0.42,3.0
1557,2024-5-31,GCO,26.350000381469727,29.030000686645508,0.35,4.0
1558,2024-5-31,AMTX,3.450000047683716,3.305000066757202,-0.46,3.0
1559,2024-6-3,BARK,1.16,1.350000023841858,0.42,3.0
1560,2024-6-3,PLCE,13.34,13.789999961853027,0.08,3.0
1561,2024-6-3,CONN,3.4800000190734863,3.6500000953674316,0.15,4.0
1562,2024-6-3,GTLB,56.95,47.060001373291016,-0.62,3.0
